filename,class,split,source_path
Intro-to-batteries-featured.jpg,batteries,train,C:\Users\GAME\Documents\GitHub\Waste\data\Hazardous\Hazardous\batteries\Intro-to-batteries-featured.jpg
41560_2019_368_Fig1_HTML.png,batteries,train,C:\Users\GAME\Documents\GitHub\Waste\data\Hazardous\Hazardous\batteries\41560_2019_368_Fig1_HTML.png
1-s2.0-S2405829720304827-fx1.jpg,batteries,train,C:\Users\GAME\Documents\GitHub\Waste\data\Hazardous\Hazardous\batteries\1-s2.0-S2405829720304827-fx1.jpg
ef1c02489_0011.jpeg,batteries,train,C:\Users\GAME\Documents\GitHub\Waste\data\Hazardous\Hazardous\batteries\ef1c02489_0011.jpeg
typical-lithium-ion-battery.png,batteries,train,C:\Users\GAME\Documents\GitHub\Waste\data\Hazardous\Hazardous\batteries\typical-lithium-ion-battery.png
aenm202102917-fig-0006-m.jpg,batteries,train,C:\Users\GAME\Documents\GitHub\Waste\data\Hazardous\Hazardous\batteries\aenm202102917-fig-0006-m.jpg
image-2-716x1024.png,batteries,train,C:\Users\GAME\Documents\GitHub\Waste\data\Hazardous\Hazardous\batteries\image-2-716x1024.png
lithium-ion-aa-batteries.jpg,batteries,train,C:\Users\GAME\Documents\GitHub\Waste\data\Hazardous\Hazardous\batteries\lithium-ion-aa-batteries.jpg
Lithium_battery_terminal_image_EN.jpg,batteries,train,C:\Users\GAME\Documents\GitHub\Waste\data\Hazardous\Hazardous\batteries\Lithium_battery_terminal_image_EN.jpg
Batteries-.jpg,batteries,train,C:\Users\GAME\Documents\GitHub\Waste\data\Hazardous\Hazardous\batteries\Batteries-.jpg
Types-of-Batteries-Featured-Image.jpg,batteries,train,C:\Users\GAME\Documents\GitHub\Waste\data\Hazardous\Hazardous\batteries\Types-of-Batteries-Featured-Image.jpg
Lithium-ion-lithium-polymer-superhero-battery-blog-cover-image.jpg,batteries,train,C:\Users\GAME\Documents\GitHub\Waste\data\Hazardous\Hazardous\batteries\Lithium-ion-lithium-polymer-superhero-battery-blog-cover-image.jpg
batteries2.jpg,batteries,train,C:\Users\GAME\Documents\GitHub\Waste\data\Hazardous\Hazardous\batteries\batteries2.jpg
Batteries3.jpg,batteries,train,C:\Users\GAME\Documents\GitHub\Waste\data\Hazardous\Hazardous\batteries\Batteries3.jpg
Li-Batteries-for-Disposal-or-Recycling-1024x575.png,batteries,train,C:\Users\GAME\Documents\GitHub\Waste\data\Hazardous\Hazardous\batteries\Li-Batteries-for-Disposal-or-Recycling-1024x575.png
imagescxsuu.png,batteries,train,C:\Users\GAME\Documents\GitHub\Waste\data\Hazardous\Hazardous\batteries\imagescxsuu.png
know-what-type-of-battery-to-use-in-equipment2.jpg,batteries,train,C:\Users\GAME\Documents\GitHub\Waste\data\Hazardous\Hazardous\batteries\know-what-type-of-battery-to-use-in-equipment2.jpg
power-one-c-size-1-5v-battery-pack-of-2--500x500.jpg,batteries,train,C:\Users\GAME\Documents\GitHub\Waste\data\Hazardous\Hazardous\batteries\power-one-c-size-1-5v-battery-pack-of-2--500x500.jpg
file-20201020-17-1x28u8s.jpg,batteries,train,C:\Users\GAME\Documents\GitHub\Waste\data\Hazardous\Hazardous\batteries\file-20201020-17-1x28u8s.jpg
Eneloop_6420.jpg,batteries,train,C:\Users\GAME\Documents\GitHub\Waste\data\Hazardous\Hazardous\batteries\Eneloop_6420.jpg
EDR-2.jpg,batteries,train,C:\Users\GAME\Documents\GitHub\Waste\data\Hazardous\Hazardous\batteries\EDR-2.jpg
Difference-Between-Alkaline-and-Lithium-Batteries-Tabular-Form.jpg,batteries,train,C:\Users\GAME\Documents\GitHub\Waste\data\Hazardous\Hazardous\batteries\Difference-Between-Alkaline-and-Lithium-Batteries-Tabular-Form.jpg
poweron-longlife-power-9v-mrp-265.jpg,batteries,train,C:\Users\GAME\Documents\GitHub\Waste\data\Hazardous\Hazardous\batteries\poweron-longlife-power-9v-mrp-265.jpg
Photo-collage-of-different-types-of-batteries-12022022.jpg.webp,batteries,train,C:\Users\GAME\Documents\GitHub\Waste\data\Hazardous\Hazardous\batteries\Photo-collage-of-different-types-of-batteries-12022022.jpg.webp
maxresdefault.jpg,batteries,train,C:\Users\GAME\Documents\GitHub\Waste\data\Hazardous\Hazardous\batteries\maxresdefault.jpg
Nokia_Battery.jpg,batteries,train,C:\Users\GAME\Documents\GitHub\Waste\data\Hazardous\Hazardous\batteries\Nokia_Battery.jpg
alkaline-zinc-carbon.jpg,batteries,train,C:\Users\GAME\Documents\GitHub\Waste\data\Hazardous\Hazardous\batteries\alkaline-zinc-carbon.jpg
40422.MN2400B8.jpg,batteries,train,C:\Users\GAME\Documents\GitHub\Waste\data\Hazardous\Hazardous\batteries\40422.MN2400B8.jpg
Alkaline-vs.-Lithium-Batteries.png,batteries,train,C:\Users\GAME\Documents\GitHub\Waste\data\Hazardous\Hazardous\batteries\Alkaline-vs.-Lithium-Batteries.png
battery-recycling2.jpg,batteries,train,C:\Users\GAME\Documents\GitHub\Waste\data\Hazardous\Hazardous\batteries\battery-recycling2.jpg
Lithium-Batteries.jpg,batteries,train,C:\Users\GAME\Documents\GitHub\Waste\data\Hazardous\Hazardous\batteries\Lithium-Batteries.jpg
Batteries_-Lithium-Ion-Battery-and-Lithium-Polymer-Battery-Explained.png,batteries,train,C:\Users\GAME\Documents\GitHub\Waste\data\Hazardous\Hazardous\batteries\Batteries_-Lithium-Ion-Battery-and-Lithium-Polymer-Battery-Explained.png
41586_2019_1682_Fig1_HTML.png,batteries,train,C:\Users\GAME\Documents\GitHub\Waste\data\Hazardous\Hazardous\batteries\41586_2019_1682_Fig1_HTML.png
Lithium-Batteries-vs-Alkaline-Batteries.jpg,batteries,train,C:\Users\GAME\Documents\GitHub\Waste\data\Hazardous\Hazardous\batteries\Lithium-Batteries-vs-Alkaline-Batteries.jpg
NAWMA-Safe-Battery-Recycling-content.jpg,batteries,train,C:\Users\GAME\Documents\GitHub\Waste\data\Hazardous\Hazardous\batteries\NAWMA-Safe-Battery-Recycling-content.jpg
Types-of-rechargeable-batteries-.jpg,batteries,train,C:\Users\GAME\Documents\GitHub\Waste\data\Hazardous\Hazardous\batteries\Types-of-rechargeable-batteries-.jpg
lithium-vs-alkaline-batteries.png,batteries,train,C:\Users\GAME\Documents\GitHub\Waste\data\Hazardous\Hazardous\batteries\lithium-vs-alkaline-batteries.png
19.13.jpg,batteries,train,C:\Users\GAME\Documents\GitHub\Waste\data\Hazardous\Hazardous\batteries\19.13.jpg
bu-social.jpg,batteries,train,C:\Users\GAME\Documents\GitHub\Waste\data\Hazardous\Hazardous\batteries\bu-social.jpg
What_Batteries_are_Best_for_Flashlights_2991x.jpg,batteries,train,C:\Users\GAME\Documents\GitHub\Waste\data\Hazardous\Hazardous\batteries\What_Batteries_are_Best_for_Flashlights_2991x.jpg
inf212000-fig-0004-m.jpg,batteries,train,C:\Users\GAME\Documents\GitHub\Waste\data\Hazardous\Hazardous\batteries\inf212000-fig-0004-m.jpg
what-is-a-lithium-ion-battery-what-are-the-types-of-lithium-ion-battery-chemistries.webp,batteries,train,C:\Users\GAME\Documents\GitHub\Waste\data\Hazardous\Hazardous\batteries\what-is-a-lithium-ion-battery-what-are-the-types-of-lithium-ion-battery-chemistries.webp
carbon-zinc-battery-vs-alkaline.jpg,batteries,train,C:\Users\GAME\Documents\GitHub\Waste\data\Hazardous\Hazardous\batteries\carbon-zinc-battery-vs-alkaline.jpg
inf212000-fig-0001-m.jpg,batteries,train,C:\Users\GAME\Documents\GitHub\Waste\data\Hazardous\Hazardous\batteries\inf212000-fig-0001-m.jpg
spent-batteries-CNBG3H.jpg,batteries,train,C:\Users\GAME\Documents\GitHub\Waste\data\Hazardous\Hazardous\batteries\spent-batteries-CNBG3H.jpg
rechargeable-battery-2048px-5939.jpg,batteries,train,C:\Users\GAME\Documents\GitHub\Waste\data\Hazardous\Hazardous\batteries\rechargeable-battery-2048px-5939.jpg
lifecycleimagebatteries.png,batteries,train,C:\Users\GAME\Documents\GitHub\Waste\data\Hazardous\Hazardous\batteries\lifecycleimagebatteries.png
battery-recycling.jpg,batteries,train,C:\Users\GAME\Documents\GitHub\Waste\data\Hazardous\Hazardous\batteries\battery-recycling.jpg
AMP-17_61f252bb2428a.jpg,batteries,train,C:\Users\GAME\Documents\GitHub\Waste\data\Hazardous\Hazardous\batteries\AMP-17_61f252bb2428a.jpg
battery_recycling.jpg,batteries,train,C:\Users\GAME\Documents\GitHub\Waste\data\Hazardous\Hazardous\batteries\battery_recycling.jpg
battery_sizing.jpg,batteries,train,C:\Users\GAME\Documents\GitHub\Waste\data\Hazardous\Hazardous\batteries\battery_sizing.jpg
Alkaline-batteries.jpg,batteries,train,C:\Users\GAME\Documents\GitHub\Waste\data\Hazardous\Hazardous\batteries\Alkaline-batteries.jpg
Lithium-ion_battery.jpg,batteries,train,C:\Users\GAME\Documents\GitHub\Waste\data\Hazardous\Hazardous\batteries\Lithium-ion_battery.jpg
18650Cell.jpg,batteries,train,C:\Users\GAME\Documents\GitHub\Waste\data\Hazardous\Hazardous\batteries\18650Cell.jpg
basic-lithium-ion-battery-5-2_en.png,batteries,train,C:\Users\GAME\Documents\GitHub\Waste\data\Hazardous\Hazardous\batteries\basic-lithium-ion-battery-5-2_en.png
1_Picture7.png,batteries,train,C:\Users\GAME\Documents\GitHub\Waste\data\Hazardous\Hazardous\batteries\1_Picture7.png
batteries_as_hero.jpg,batteries,train,C:\Users\GAME\Documents\GitHub\Waste\data\Hazardous\Hazardous\batteries\batteries_as_hero.jpg
rechargeable-battery-2048px-5963-2x1-1.jpg,batteries,train,C:\Users\GAME\Documents\GitHub\Waste\data\Hazardous\Hazardous\batteries\rechargeable-battery-2048px-5963-2x1-1.jpg
Cutaway-view-dioxide-power-cell.jpg,batteries,train,C:\Users\GAME\Documents\GitHub\Waste\data\Hazardous\Hazardous\batteries\Cutaway-view-dioxide-power-cell.jpg
1-s2.0-S2666016421000268-ga1.jpg,batteries,train,C:\Users\GAME\Documents\GitHub\Waste\data\Hazardous\Hazardous\batteries\1-s2.0-S2666016421000268-ga1.jpg
EG-BA-LR20-01_hires_photo---dea0b151-d0a5-4bac-9036-259aa2110a20.JPG.jpg,batteries,train,C:\Users\GAME\Documents\GitHub\Waste\data\Hazardous\Hazardous\batteries\EG-BA-LR20-01_hires_photo---dea0b151-d0a5-4bac-9036-259aa2110a20.JPG.jpg
alkaline-batteries-for-recyling.jpg,batteries,train,C:\Users\GAME\Documents\GitHub\Waste\data\Hazardous\Hazardous\batteries\alkaline-batteries-for-recyling.jpg
battery-types-and-sizes.jpg.webp,batteries,train,C:\Users\GAME\Documents\GitHub\Waste\data\Hazardous\Hazardous\batteries\battery-types-and-sizes.jpg.webp
common-alkaline-battery-sizes.jpg,batteries,train,C:\Users\GAME\Documents\GitHub\Waste\data\Hazardous\Hazardous\batteries\common-alkaline-battery-sizes.jpg
creens-LCD-iPhone-panels-laptop-collected-for-disposal-in-plastic-containers.png,batteries,train,C:\Users\GAME\Documents\GitHub\Waste\data\Hazardous\Hazardous\batteries\creens-LCD-iPhone-panels-laptop-collected-for-disposal-in-plastic-containers.png
800px-Alkali_battery_5.jpg,batteries,train,C:\Users\GAME\Documents\GitHub\Waste\data\Hazardous\Hazardous\batteries\800px-Alkali_battery_5.jpg
Different-Types-of-Batteries.jpg,batteries,train,C:\Users\GAME\Documents\GitHub\Waste\data\Hazardous\Hazardous\batteries\Different-Types-of-Batteries.jpg
Screen-Shot-2021-07-20-at-10.37.08-AM.png,batteries,train,C:\Users\GAME\Documents\GitHub\Waste\data\Hazardous\Hazardous\batteries\Screen-Shot-2021-07-20-at-10.37.08-AM.png
Types-of-Batteries.jpg,batteries,train,C:\Users\GAME\Documents\GitHub\Waste\data\Hazardous\Hazardous\batteries\Types-of-Batteries.jpg
lithium-vs-alkaline-batteries-where-the-differences-and-which-is-better.jpg,batteries,train,C:\Users\GAME\Documents\GitHub\Waste\data\Hazardous\Hazardous\batteries\lithium-vs-alkaline-batteries-where-the-differences-and-which-is-better.jpg
sciadv.abm2422-f1.jpg,batteries,train,C:\Users\GAME\Documents\GitHub\Waste\data\Hazardous\Hazardous\batteries\sciadv.abm2422-f1.jpg
Alkaline-Battery-vs-Lithium-Battery.jpg,batteries,train,C:\Users\GAME\Documents\GitHub\Waste\data\Hazardous\Hazardous\batteries\Alkaline-Battery-vs-Lithium-Battery.jpg
rechargeable-battery-2048px-5925.jpg,batteries,train,C:\Users\GAME\Documents\GitHub\Waste\data\Hazardous\Hazardous\batteries\rechargeable-battery-2048px-5925.jpg
collected-to-take-to-be-recycled-rather-than-be-dumped-into-landfill-2GDCM0M.jpg,batteries,train,C:\Users\GAME\Documents\GitHub\Waste\data\Hazardous\Hazardous\batteries\collected-to-take-to-be-recycled-rather-than-be-dumped-into-landfill-2GDCM0M.jpg
Types-of-Batteries-1.jpg,batteries,train,C:\Users\GAME\Documents\GitHub\Waste\data\Hazardous\Hazardous\batteries\Types-of-Batteries-1.jpg
alkaline-battery_en.jpg,batteries,train,C:\Users\GAME\Documents\GitHub\Waste\data\Hazardous\Hazardous\batteries\alkaline-battery_en.jpg
1-s2.0-S0892687521004477-ga1.jpg,batteries,train,C:\Users\GAME\Documents\GitHub\Waste\data\Hazardous\Hazardous\batteries\1-s2.0-S0892687521004477-ga1.jpg
imgbin-beer-recycling-bottle-beverage-can-waste-container-n16Eb9uEgizMUQNdZ2pyKAidT.jpg,cans_all_type,train,C:\Users\GAME\Documents\GitHub\Waste\data\Recyclable\Recyclable\cans_all_type\imgbin-beer-recycling-bottle-beverage-can-waste-container-n16Eb9uEgizMUQNdZ2pyKAidT.jpg
ith-water-drops-metallic-cans-for-beer-soda-lemonade-juice-energy-1271352472.jpg,cans_all_type,train,C:\Users\GAME\Documents\GitHub\Waste\data\Recyclable\Recyclable\cans_all_type\ith-water-drops-metallic-cans-for-beer-soda-lemonade-juice-energy-1271352472.jpg
best-progresso-soup-flavors.jpg,cans_all_type,train,C:\Users\GAME\Documents\GitHub\Waste\data\Recyclable\Recyclable\cans_all_type\best-progresso-soup-flavors.jpg
MPE20-20Can20Logistics20benefits.jpg,cans_all_type,train,C:\Users\GAME\Documents\GitHub\Waste\data\Recyclable\Recyclable\cans_all_type\MPE20-20Can20Logistics20benefits.jpg
steel-food-tin-can-on-white-background-BEG7A4.jpg,cans_all_type,train,C:\Users\GAME\Documents\GitHub\Waste\data\Recyclable\Recyclable\cans_all_type\steel-food-tin-can-on-white-background-BEG7A4.jpg
up-photo-such-as-gumbo-soup-green-olives-original-decoration-store-215048708.jpg,cans_all_type,train,C:\Users\GAME\Documents\GitHub\Waste\data\Recyclable\Recyclable\cans_all_type\up-photo-such-as-gumbo-soup-green-olives-original-decoration-store-215048708.jpg
360_F_525404454_VwozPoWGiIQk1eaqQVJ0ypygpe2RATMd.jpg,cans_all_type,train,C:\Users\GAME\Documents\GitHub\Waste\data\Recyclable\Recyclable\cans_all_type\360_F_525404454_VwozPoWGiIQk1eaqQVJ0ypygpe2RATMd.jpg
Al-Cans-1024x768.jpg,cans_all_type,train,C:\Users\GAME\Documents\GitHub\Waste\data\Recyclable\Recyclable\cans_all_type\Al-Cans-1024x768.jpg
andy-warhol-campbells-soup-can-p6n2ahitn7by8xzm9ejbqveo3bossv8zcpihwi57pw.jpg,cans_all_type,train,C:\Users\GAME\Documents\GitHub\Waste\data\Recyclable\Recyclable\cans_all_type\andy-warhol-campbells-soup-can-p6n2ahitn7by8xzm9ejbqveo3bossv8zcpihwi57pw.jpg
Canned-Foods.jpeg,cans_all_type,train,C:\Users\GAME\Documents\GitHub\Waste\data\Recyclable\Recyclable\cans_all_type\Canned-Foods.jpeg
beer-can-scrap.jpg,cans_all_type,train,C:\Users\GAME\Documents\GitHub\Waste\data\Recyclable\Recyclable\cans_all_type\beer-can-scrap.jpg
garbage-tin-can-icon-cartoon-style-vector-27372731.jpg,cans_all_type,train,C:\Users\GAME\Documents\GitHub\Waste\data\Recyclable\Recyclable\cans_all_type\garbage-tin-can-icon-cartoon-style-vector-27372731.jpg
Campbells-WarholCans-scaled.jpg,cans_all_type,train,C:\Users\GAME\Documents\GitHub\Waste\data\Recyclable\Recyclable\cans_all_type\Campbells-WarholCans-scaled.jpg
aluminum-can-recycling.jpg,cans_all_type,train,C:\Users\GAME\Documents\GitHub\Waste\data\Recyclable\Recyclable\cans_all_type\aluminum-can-recycling.jpg
shutterstock_1059823553-scaled.jpg,cans_all_type,train,C:\Users\GAME\Documents\GitHub\Waste\data\Recyclable\Recyclable\cans_all_type\shutterstock_1059823553-scaled.jpg
metal-tin-can-isolated-food-lying-its-side-composition-over-white-background-74439654.jpg,cans_all_type,train,C:\Users\GAME\Documents\GitHub\Waste\data\Recyclable\Recyclable\cans_all_type\metal-tin-can-isolated-food-lying-its-side-composition-over-white-background-74439654.jpg
republic-february-26-2017-energy-drinks-cans-from-czech-supermarkets-ostrava.jpg,cans_all_type,train,C:\Users\GAME\Documents\GitHub\Waste\data\Recyclable\Recyclable\cans_all_type\republic-february-26-2017-energy-drinks-cans-from-czech-supermarkets-ostrava.jpg
can-lifecycle.png,cans_all_type,train,C:\Users\GAME\Documents\GitHub\Waste\data\Recyclable\Recyclable\cans_all_type\can-lifecycle.png
IMG_0800.jpeg,cans_all_type,train,C:\Users\GAME\Documents\GitHub\Waste\data\Recyclable\Recyclable\cans_all_type\IMG_0800.jpeg
can-1957735_1920.jpg,cans_all_type,train,C:\Users\GAME\Documents\GitHub\Waste\data\Recyclable\Recyclable\cans_all_type\can-1957735_1920.jpg
aluminum-cans.jpg,cans_all_type,train,C:\Users\GAME\Documents\GitHub\Waste\data\Recyclable\Recyclable\cans_all_type\aluminum-cans.jpg
png-transparent-fizzy-drinks-aluminum-can-sprite-coca-cola-jarritos-sprite-recycling-waste-cola.png,cans_all_type,train,C:\Users\GAME\Documents\GitHub\Waste\data\Recyclable\Recyclable\cans_all_type\png-transparent-fizzy-drinks-aluminum-can-sprite-coca-cola-jarritos-sprite-recycling-waste-cola.png
ns-to-be-used-for-storage-of-products-are-being-displayed-in-the-expo-RXCE9N.jpg,cans_all_type,train,C:\Users\GAME\Documents\GitHub\Waste\data\Recyclable\Recyclable\cans_all_type\ns-to-be-used-for-storage-of-products-are-being-displayed-in-the-expo-RXCE9N.jpg
recycle-aluminum-metal-crushed-can-waste-background_293060-14712.jpg,cans_all_type,train,C:\Users\GAME\Documents\GitHub\Waste\data\Recyclable\Recyclable\cans_all_type\recycle-aluminum-metal-crushed-can-waste-background_293060-14712.jpg
Blog_02.21.2017.jpg,cans_all_type,train,C:\Users\GAME\Documents\GitHub\Waste\data\Recyclable\Recyclable\cans_all_type\Blog_02.21.2017.jpg
steel-food-cans-3-piece-tinplate-cans-for-food-three-piece.jpg,cans_all_type,train,C:\Users\GAME\Documents\GitHub\Waste\data\Recyclable\Recyclable\cans_all_type\steel-food-cans-3-piece-tinplate-cans-for-food-three-piece.jpg
product-roundup_cannedfood.jpg,cans_all_type,train,C:\Users\GAME\Documents\GitHub\Waste\data\Recyclable\Recyclable\cans_all_type\product-roundup_cannedfood.jpg
metal-cans-for-recycling.jpg,cans_all_type,train,C:\Users\GAME\Documents\GitHub\Waste\data\Recyclable\Recyclable\cans_all_type\metal-cans-for-recycling.jpg
recycling-process-soda-cans-after-rinse.jpg,cans_all_type,train,C:\Users\GAME\Documents\GitHub\Waste\data\Recyclable\Recyclable\cans_all_type\recycling-process-soda-cans-after-rinse.jpg
EWG-report-reveals-brands-using-BPA-in-canned-food.jpg,cans_all_type,train,C:\Users\GAME\Documents\GitHub\Waste\data\Recyclable\Recyclable\cans_all_type\EWG-report-reveals-brands-using-BPA-in-canned-food.jpg
81dt8D3rCiL._AC_UF10001000_QL80_.jpg,cans_all_type,train,C:\Users\GAME\Documents\GitHub\Waste\data\Recyclable\Recyclable\cans_all_type\81dt8D3rCiL._AC_UF10001000_QL80_.jpg
596eff58-ab51-4fb7-a35b-94d5158d0ed9-cream-brocolli-soup.jpg,cans_all_type,train,C:\Users\GAME\Documents\GitHub\Waste\data\Recyclable\Recyclable\cans_all_type\596eff58-ab51-4fb7-a35b-94d5158d0ed9-cream-brocolli-soup.jpg
hpm_0000_0002_0_img0010.jpg,cans_all_type,train,C:\Users\GAME\Documents\GitHub\Waste\data\Recyclable\Recyclable\cans_all_type\hpm_0000_0002_0_img0010.jpg
fss-empty-cans.jpg,cans_all_type,train,C:\Users\GAME\Documents\GitHub\Waste\data\Recyclable\Recyclable\cans_all_type\fss-empty-cans.jpg
maxresdefault.jpg,cans_all_type,train,C:\Users\GAME\Documents\GitHub\Waste\data\Recyclable\Recyclable\cans_all_type\maxresdefault.jpg
ZWB_ANZ_BoxThumbnail_AluminiumCans_bfe1ab62-ced7-47d4-9b8f-251c863db01d_720x.png,cans_all_type,train,C:\Users\GAME\Documents\GitHub\Waste\data\Recyclable\Recyclable\cans_all_type\ZWB_ANZ_BoxThumbnail_AluminiumCans_bfe1ab62-ced7-47d4-9b8f-251c863db01d_720x.png
85674784.jpg,cans_all_type,train,C:\Users\GAME\Documents\GitHub\Waste\data\Recyclable\Recyclable\cans_all_type\85674784.jpg
4-9.png,cans_all_type,train,C:\Users\GAME\Documents\GitHub\Waste\data\Recyclable\Recyclable\cans_all_type\4-9.png
Bales-of-Crushed-Aluminum-Cans-Awaiting-Recycling-E28093-Photo-West-Boylston-MA-2.jpg,cans_all_type,train,C:\Users\GAME\Documents\GitHub\Waste\data\Recyclable\Recyclable\cans_all_type\Bales-of-Crushed-Aluminum-Cans-Awaiting-Recycling-E28093-Photo-West-Boylston-MA-2.jpg
soda-can-white-aluminum-2J8MroE-600.jpg,cans_all_type,train,C:\Users\GAME\Documents\GitHub\Waste\data\Recyclable\Recyclable\cans_all_type\soda-can-white-aluminum-2J8MroE-600.jpg
used-cans-recycling-klang-malaysia-may-separated-various-drinks-71794871.jpg,cans_all_type,train,C:\Users\GAME\Documents\GitHub\Waste\data\Recyclable\Recyclable\cans_all_type\used-cans-recycling-klang-malaysia-may-separated-various-drinks-71794871.jpg
How-Much-Energy-Does-Recycling-One-Aluminum-Can-Save.jpg,cans_all_type,train,C:\Users\GAME\Documents\GitHub\Waste\data\Recyclable\Recyclable\cans_all_type\How-Much-Energy-Does-Recycling-One-Aluminum-Can-Save.jpg
85150095-small.jpg,cans_all_type,train,C:\Users\GAME\Documents\GitHub\Waste\data\Recyclable\Recyclable\cans_all_type\85150095-small.jpg
website2.0.png,cans_all_type,train,C:\Users\GAME\Documents\GitHub\Waste\data\Recyclable\Recyclable\cans_all_type\website2.0.png
Which-metals-to-recycle.jpg,cans_all_type,train,C:\Users\GAME\Documents\GitHub\Waste\data\Recyclable\Recyclable\cans_all_type\Which-metals-to-recycle.jpg
3_piece_can_new_03.png,cans_all_type,train,C:\Users\GAME\Documents\GitHub\Waste\data\Recyclable\Recyclable\cans_all_type\3_piece_can_new_03.png
maxresdefault2.jpg,cans_all_type,train,C:\Users\GAME\Documents\GitHub\Waste\data\Recyclable\Recyclable\cans_all_type\maxresdefault2.jpg
crushed-aluminium-drinks-cans-in-a-recycling-basket-2A927XT.jpg,cans_all_type,train,C:\Users\GAME\Documents\GitHub\Waste\data\Recyclable\Recyclable\cans_all_type\crushed-aluminium-drinks-cans-in-a-recycling-basket-2A927XT.jpg
pngtree-aluminum-cans-crushed-for-recycling-waste-reuse-material-photo-image_902933.jpg,cans_all_type,train,C:\Users\GAME\Documents\GitHub\Waste\data\Recyclable\Recyclable\cans_all_type\pngtree-aluminum-cans-crushed-for-recycling-waste-reuse-material-photo-image_902933.jpg
689FD0DE-90E7-4492-BE26174EC02EF19F_source.jpg,cans_all_type,train,C:\Users\GAME\Documents\GitHub\Waste\data\Recyclable\Recyclable\cans_all_type\689FD0DE-90E7-4492-BE26174EC02EF19F_source.jpg
New-RepBan_CannedFood_2007.jpg,cans_all_type,train,C:\Users\GAME\Documents\GitHub\Waste\data\Recyclable\Recyclable\cans_all_type\New-RepBan_CannedFood_2007.jpg
Beer-and-soda-cans-found-to-have-traces-of-bisphenol-A.png,cans_all_type,train,C:\Users\GAME\Documents\GitHub\Waste\data\Recyclable\Recyclable\cans_all_type\Beer-and-soda-cans-found-to-have-traces-of-bisphenol-A.png
steel-can-header-inset.jpg,cans_all_type,train,C:\Users\GAME\Documents\GitHub\Waste\data\Recyclable\Recyclable\cans_all_type\steel-can-header-inset.jpg
aluminum-cans-in-recycling-kon-tum-vietnam-usage-worldwide-PC54WW.jpg,cans_all_type,train,C:\Users\GAME\Documents\GitHub\Waste\data\Recyclable\Recyclable\cans_all_type\aluminum-cans-in-recycling-kon-tum-vietnam-usage-worldwide-PC54WW.jpg
bev-can-by-size.png,cans_all_type,train,C:\Users\GAME\Documents\GitHub\Waste\data\Recyclable\Recyclable\cans_all_type\bev-can-by-size.png
12-oz-soda-can.png,cans_all_type,train,C:\Users\GAME\Documents\GitHub\Waste\data\Recyclable\Recyclable\cans_all_type\12-oz-soda-can.png
Recycling-saves-money.jpg,cans_all_type,train,C:\Users\GAME\Documents\GitHub\Waste\data\Recyclable\Recyclable\cans_all_type\Recycling-saves-money.jpg
aluminum-cans-in-recycling-bin-C3W0CR.jpg,cans_all_type,train,C:\Users\GAME\Documents\GitHub\Waste\data\Recyclable\Recyclable\cans_all_type\aluminum-cans-in-recycling-bin-C3W0CR.jpg
img_kaitori02.jpg,cans_all_type,train,C:\Users\GAME\Documents\GitHub\Waste\data\Recyclable\Recyclable\cans_all_type\img_kaitori02.jpg
soda_can_1500394689-e1501261207105.jpg,cans_all_type,train,C:\Users\GAME\Documents\GitHub\Waste\data\Recyclable\Recyclable\cans_all_type\soda_can_1500394689-e1501261207105.jpg
imageedit_8_7934311890.jpg,cans_all_type,train,C:\Users\GAME\Documents\GitHub\Waste\data\Recyclable\Recyclable\cans_all_type\imageedit_8_7934311890.jpg
beverage20drink20cans.jpg,cans_all_type,train,C:\Users\GAME\Documents\GitHub\Waste\data\Recyclable\Recyclable\cans_all_type\beverage20drink20cans.jpg
-metallic-can-drink-beer-soda-water-juice-packaging-empty-mock-up-1376178530.jpg,cans_all_type,train,C:\Users\GAME\Documents\GitHub\Waste\data\Recyclable\Recyclable\cans_all_type\-metallic-can-drink-beer-soda-water-juice-packaging-empty-mock-up-1376178530.jpg
recycling-bin-full-of-tin-cans-at-the-recycle-collection-center-in-sitka-alaska-usa-2PF5DKJ.jpg,cans_all_type,train,C:\Users\GAME\Documents\GitHub\Waste\data\Recyclable\Recyclable\cans_all_type\recycling-bin-full-of-tin-cans-at-the-recycle-collection-center-in-sitka-alaska-usa-2PF5DKJ.jpg
aluminum-beer-cans-with-keys-stock-image_csp9896786.jpg,cans_all_type,train,C:\Users\GAME\Documents\GitHub\Waste\data\Recyclable\Recyclable\cans_all_type\aluminum-beer-cans-with-keys-stock-image_csp9896786.jpg
aluminum_materials_picture_ff_web_area.jpg,cans_all_type,train,C:\Users\GAME\Documents\GitHub\Waste\data\Recyclable\Recyclable\cans_all_type\aluminum_materials_picture_ff_web_area.jpg
ghows-PJ-3530caa6-cb6f-4a83-e053-0100007f7d97-e82199ad.jpeg,cans_all_type,train,C:\Users\GAME\Documents\GitHub\Waste\data\Recyclable\Recyclable\cans_all_type\ghows-PJ-3530caa6-cb6f-4a83-e053-0100007f7d97-e82199ad.jpeg
64667581ef9a05659f8efc9836c51e9a.jpg,cans_all_type,train,C:\Users\GAME\Documents\GitHub\Waste\data\Recyclable\Recyclable\cans_all_type\64667581ef9a05659f8efc9836c51e9a.jpg
can-sizes.jpg,cans_all_type,train,C:\Users\GAME\Documents\GitHub\Waste\data\Recyclable\Recyclable\cans_all_type\can-sizes.jpg
2_piece_DI_02.png,cans_all_type,train,C:\Users\GAME\Documents\GitHub\Waste\data\Recyclable\Recyclable\cans_all_type\2_piece_DI_02.png
ubcs.jpg,cans_all_type,train,C:\Users\GAME\Documents\GitHub\Waste\data\Recyclable\Recyclable\cans_all_type\ubcs.jpg
Screenshot-2023-02-15-100305.png,cans_all_type,train,C:\Users\GAME\Documents\GitHub\Waste\data\Recyclable\Recyclable\cans_all_type\Screenshot-2023-02-15-100305.png
CAN-BODY-03-longfit.png,cans_all_type,train,C:\Users\GAME\Documents\GitHub\Waste\data\Recyclable\Recyclable\cans_all_type\CAN-BODY-03-longfit.png
6396f35dfc97666fdf78c2a7_NOMOQ-productfotografie-20221028-Rotterdam-063.png,cans_all_type,train,C:\Users\GAME\Documents\GitHub\Waste\data\Recyclable\Recyclable\cans_all_type\6396f35dfc97666fdf78c2a7_NOMOQ-productfotografie-20221028-Rotterdam-063.png
Experimental-treatments-soup-example.png,cans_all_type,train,C:\Users\GAME\Documents\GitHub\Waste\data\Recyclable\Recyclable\cans_all_type\Experimental-treatments-soup-example.png
utensil.jpg,cans_all_type,train,C:\Users\GAME\Documents\GitHub\Waste\data\Recyclable\Recyclable\cans_all_type\utensil.jpg
94163431.jpg,cans_all_type,train,C:\Users\GAME\Documents\GitHub\Waste\data\Recyclable\Recyclable\cans_all_type\94163431.jpg
tin_can_collage.jpg,cans_all_type,train,C:\Users\GAME\Documents\GitHub\Waste\data\Recyclable\Recyclable\cans_all_type\tin_can_collage.jpg
three-aluminum-cans-without-label_1308-40588.jpg,cans_all_type,train,C:\Users\GAME\Documents\GitHub\Waste\data\Recyclable\Recyclable\cans_all_type\three-aluminum-cans-without-label_1308-40588.jpg
collected-tin-cans-vietnam-AF9KEP.jpg,cans_all_type,train,C:\Users\GAME\Documents\GitHub\Waste\data\Recyclable\Recyclable\cans_all_type\collected-tin-cans-vietnam-AF9KEP.jpg
Canned20Food20Blog2028129.png,cans_all_type,train,C:\Users\GAME\Documents\GitHub\Waste\data\Recyclable\Recyclable\cans_all_type\Canned20Food20Blog2028129.png
qad-blog-aluminum-cans.png,cans_all_type,train,C:\Users\GAME\Documents\GitHub\Waste\data\Recyclable\Recyclable\cans_all_type\qad-blog-aluminum-cans.png
RauTZ.png,cans_all_type,train,C:\Users\GAME\Documents\GitHub\Waste\data\Recyclable\Recyclable\cans_all_type\RauTZ.png
mbers_target_to_achieve_70_per_cent_aluminium_can_recycling_rate_by_2030_0_0.png,cans_all_type,train,C:\Users\GAME\Documents\GitHub\Waste\data\Recyclable\Recyclable\cans_all_type\mbers_target_to_achieve_70_per_cent_aluminium_can_recycling_rate_by_2030_0_0.png
haultail-What-is-the-effect-of-aluminum-beverage-cans-on-the-environment.jpg,cans_all_type,train,C:\Users\GAME\Documents\GitHub\Waste\data\Recyclable\Recyclable\cans_all_type\haultail-What-is-the-effect-of-aluminum-beverage-cans-on-the-environment.jpg
depositphotos_151711104-stock-photo-canned-food-3d-render.jpg,cans_all_type,train,C:\Users\GAME\Documents\GitHub\Waste\data\Recyclable\Recyclable\cans_all_type\depositphotos_151711104-stock-photo-canned-food-3d-render.jpg
maxres2.jpg,cans_all_type,train,C:\Users\GAME\Documents\GitHub\Waste\data\Recyclable\Recyclable\cans_all_type\maxres2.jpg
gh-052720-best-healthy-canned-soups-1590698072.png,cans_all_type,train,C:\Users\GAME\Documents\GitHub\Waste\data\Recyclable\Recyclable\cans_all_type\gh-052720-best-healthy-canned-soups-1590698072.png
1292760.jpg,cans_all_type,train,C:\Users\GAME\Documents\GitHub\Waste\data\Recyclable\Recyclable\cans_all_type\1292760.jpg
FAY2IG7KP2MDA7F.jpg,cans_all_type,train,C:\Users\GAME\Documents\GitHub\Waste\data\Recyclable\Recyclable\cans_all_type\FAY2IG7KP2MDA7F.jpg
aluminum-cans-collected-for-recycling-center-AP5B7K.jpg,cans_all_type,train,C:\Users\GAME\Documents\GitHub\Waste\data\Recyclable\Recyclable\cans_all_type\aluminum-cans-collected-for-recycling-center-AP5B7K.jpg
recycling-21075023.jpg,cans_all_type,train,C:\Users\GAME\Documents\GitHub\Waste\data\Recyclable\Recyclable\cans_all_type\recycling-21075023.jpg
crumpled-aluminum-can-2022-06-02-17-14-48-utc-scaled.jpg,cans_all_type,train,C:\Users\GAME\Documents\GitHub\Waste\data\Recyclable\Recyclable\cans_all_type\crumpled-aluminum-can-2022-06-02-17-14-48-utc-scaled.jpg
Cans.png,cans_all_type,train,C:\Users\GAME\Documents\GitHub\Waste\data\Recyclable\Recyclable\cans_all_type\Cans.png
Yes-I-Can-water-cans-1.jpg,cans_all_type,train,C:\Users\GAME\Documents\GitHub\Waste\data\Recyclable\Recyclable\cans_all_type\Yes-I-Can-water-cans-1.jpg
FBMH7EYKP2MD9M8.jpg,cans_all_type,train,C:\Users\GAME\Documents\GitHub\Waste\data\Recyclable\Recyclable\cans_all_type\FBMH7EYKP2MD9M8.jpg
1000_F_562159019_0bLwz2fRtqYGR6QWwwnF7icyENY6lt07.jpg,cans_all_type,train,C:\Users\GAME\Documents\GitHub\Waste\data\Recyclable\Recyclable\cans_all_type\1000_F_562159019_0bLwz2fRtqYGR6QWwwnF7icyENY6lt07.jpg
canned-food-961779-1.jpg,cans_all_type,train,C:\Users\GAME\Documents\GitHub\Waste\data\Recyclable\Recyclable\cans_all_type\canned-food-961779-1.jpg
empty-used-aluminium-cans-ready-recycling-close-up-172409365.jpg,cans_all_type,train,C:\Users\GAME\Documents\GitHub\Waste\data\Recyclable\Recyclable\cans_all_type\empty-used-aluminium-cans-ready-recycling-close-up-172409365.jpg
63782947220781457915.3.20-20Recycling20main800.jpg,cans_all_type,train,C:\Users\GAME\Documents\GitHub\Waste\data\Recyclable\Recyclable\cans_all_type\63782947220781457915.3.20-20Recycling20main800.jpg
Tomato-Bisque-ERA-scaled.jpg,cans_all_type,train,C:\Users\GAME\Documents\GitHub\Waste\data\Recyclable\Recyclable\cans_all_type\Tomato-Bisque-ERA-scaled.jpg
depositphotos_437224758-stock-photo-recycle-empty-cans-tin-food.jpg,cans_all_type,train,C:\Users\GAME\Documents\GitHub\Waste\data\Recyclable\Recyclable\cans_all_type\depositphotos_437224758-stock-photo-recycle-empty-cans-tin-food.jpg
Examples-of-aluminum-items-that-are-recyclable-1.png,cans_all_type,train,C:\Users\GAME\Documents\GitHub\Waste\data\Recyclable\Recyclable\cans_all_type\Examples-of-aluminum-items-that-are-recyclable-1.png
shutterstock-dC3A5ser.jpg,cans_all_type,train,C:\Users\GAME\Documents\GitHub\Waste\data\Recyclable\Recyclable\cans_all_type\shutterstock-dC3A5ser.jpg
rice-Easy-Operation-Pop-Top-Can-for-Electronic-Industry-Aluminum-Scrap-Metal.jpg,cans_all_type,train,C:\Users\GAME\Documents\GitHub\Waste\data\Recyclable\Recyclable\cans_all_type\rice-Easy-Operation-Pop-Top-Can-for-Electronic-Industry-Aluminum-Scrap-Metal.jpg
Can28Easy_Open_Can29.JPG.jpg,cans_all_type,train,C:\Users\GAME\Documents\GitHub\Waste\data\Recyclable\Recyclable\cans_all_type\Can28Easy_Open_Can29.JPG.jpg
di-steel-2-new-6.png,cans_all_type,train,C:\Users\GAME\Documents\GitHub\Waste\data\Recyclable\Recyclable\cans_all_type\di-steel-2-new-6.png
51-Awesome-DIY-Tin-Can-Ideas-for-Garden2.jpg,cans_all_type,train,C:\Users\GAME\Documents\GitHub\Waste\data\Recyclable\Recyclable\cans_all_type\51-Awesome-DIY-Tin-Can-Ideas-for-Garden2.jpg
1665075294-can-packaging-options-white-text.jpg,cans_all_type,train,C:\Users\GAME\Documents\GitHub\Waste\data\Recyclable\Recyclable\cans_all_type\1665075294-can-packaging-options-white-text.jpg
healthy-canned-soups-campbells-98-percent-fat-free-broccoli-cheese.jpg,cans_all_type,train,C:\Users\GAME\Documents\GitHub\Waste\data\Recyclable\Recyclable\cans_all_type\healthy-canned-soups-campbells-98-percent-fat-free-broccoli-cheese.jpg
78818897.jpg,cans_all_type,train,C:\Users\GAME\Documents\GitHub\Waste\data\Recyclable\Recyclable\cans_all_type\78818897.jpg
Soup-Cans.jpg,cans_all_type,train,C:\Users\GAME\Documents\GitHub\Waste\data\Recyclable\Recyclable\cans_all_type\Soup-Cans.jpg
red-aluminium-can-vector-3885470.jpg,cans_all_type,train,C:\Users\GAME\Documents\GitHub\Waste\data\Recyclable\Recyclable\cans_all_type\red-aluminium-can-vector-3885470.jpg
01_ref_aerosol_dekxr6_4x3.jpg,cans_all_type,train,C:\Users\GAME\Documents\GitHub\Waste\data\Recyclable\Recyclable\cans_all_type\01_ref_aerosol_dekxr6_4x3.jpg
tin-can-projects.jpg,cans_all_type,train,C:\Users\GAME\Documents\GitHub\Waste\data\Recyclable\Recyclable\cans_all_type\tin-can-projects.jpg
NUNVBKEABUI6VBGCA6JNQWIZCE.jpg,cans_all_type,train,C:\Users\GAME\Documents\GitHub\Waste\data\Recyclable\Recyclable\cans_all_type\NUNVBKEABUI6VBGCA6JNQWIZCE.jpg
assorted-cans-campbell-s-brand-soup-shopping-cart-assorted-cans-campbell-s-brand-soup-151033750.jpg,cans_all_type,train,C:\Users\GAME\Documents\GitHub\Waste\data\Recyclable\Recyclable\cans_all_type\assorted-cans-campbell-s-brand-soup-shopping-cart-assorted-cans-campbell-s-brand-soup-151033750.jpg
Screen-Shot-2019-06-27-at-2.59.36-PM-e1561681171942.png,cans_all_type,train,C:\Users\GAME\Documents\GitHub\Waste\data\Recyclable\Recyclable\cans_all_type\Screen-Shot-2019-06-27-at-2.59.36-PM-e1561681171942.png
012893089_1-b80c05baee89d6658162d41907fc5880-768x994.png,cans_all_type,train,C:\Users\GAME\Documents\GitHub\Waste\data\Recyclable\Recyclable\cans_all_type\012893089_1-b80c05baee89d6658162d41907fc5880-768x994.png
beverage-can-architecture.jpg,cans_all_type,train,C:\Users\GAME\Documents\GitHub\Waste\data\Recyclable\Recyclable\cans_all_type\beverage-can-architecture.jpg
canned-food_0.jpg,cans_all_type,train,C:\Users\GAME\Documents\GitHub\Waste\data\Recyclable\Recyclable\cans_all_type\canned-food_0.jpg
aluminium-cans-silver-can-branding-design-vector-18026625-1.jpg,cans_all_type,train,C:\Users\GAME\Documents\GitHub\Waste\data\Recyclable\Recyclable\cans_all_type\aluminium-cans-silver-can-branding-design-vector-18026625-1.jpg
aero-landing_0005_Full-can.png,cans_all_type,train,C:\Users\GAME\Documents\GitHub\Waste\data\Recyclable\Recyclable\cans_all_type\aero-landing_0005_Full-can.png
image29.jpg,cans_all_type,train,C:\Users\GAME\Documents\GitHub\Waste\data\Recyclable\Recyclable\cans_all_type\image29.jpg
realistic-cans-blue-with-water-drops-for-mock-up-soda-can-mock-up-free-png.png,cans_all_type,train,C:\Users\GAME\Documents\GitHub\Waste\data\Recyclable\Recyclable\cans_all_type\realistic-cans-blue-with-water-drops-for-mock-up-soda-can-mock-up-free-png.png
Alum20Cans_JPG.jpg,cans_all_type,train,C:\Users\GAME\Documents\GitHub\Waste\data\Recyclable\Recyclable\cans_all_type\Alum20Cans_JPG.jpg
food-can.jpg,cans_all_type,train,C:\Users\GAME\Documents\GitHub\Waste\data\Recyclable\Recyclable\cans_all_type\food-can.jpg
recycle-aluminum-metal-crushed-can-waste-background-photo2.jpg,cans_all_type,train,C:\Users\GAME\Documents\GitHub\Waste\data\Recyclable\Recyclable\cans_all_type\recycle-aluminum-metal-crushed-can-waste-background-photo2.jpg
3d-illustration-of-blank-aluminum-can-png.png,cans_all_type,train,C:\Users\GAME\Documents\GitHub\Waste\data\Recyclable\Recyclable\cans_all_type\3d-illustration-of-blank-aluminum-can-png.png
88e4ee48ecbd4b52ba034205595b58f4.jpg,cans_all_type,train,C:\Users\GAME\Documents\GitHub\Waste\data\Recyclable\Recyclable\cans_all_type\88e4ee48ecbd4b52ba034205595b58f4.jpg
can-shortages.jpg,cans_all_type,train,C:\Users\GAME\Documents\GitHub\Waste\data\Recyclable\Recyclable\cans_all_type\can-shortages.jpg
empty-beverage-cans.jpeg,cans_all_type,train,C:\Users\GAME\Documents\GitHub\Waste\data\Recyclable\Recyclable\cans_all_type\empty-beverage-cans.jpeg
aluminium05.png,cans_all_type,train,C:\Users\GAME\Documents\GitHub\Waste\data\Recyclable\Recyclable\cans_all_type\aluminium05.png
img_171534713499.jpg,cans_all_type,train,C:\Users\GAME\Documents\GitHub\Waste\data\Recyclable\Recyclable\cans_all_type\img_171534713499.jpg
5330f16806681925702afcbf75ba92b172-10-soups-lede.rsquare.w1200.jpg,cans_all_type,train,C:\Users\GAME\Documents\GitHub\Waste\data\Recyclable\Recyclable\cans_all_type\5330f16806681925702afcbf75ba92b172-10-soups-lede.rsquare.w1200.jpg
how-to-recycle-aluminum-cans.png,cans_all_type,train,C:\Users\GAME\Documents\GitHub\Waste\data\Recyclable\Recyclable\cans_all_type\how-to-recycle-aluminum-cans.png
Made-in-China-Low-Price-No-Impurity-Waste-Beverage-Cans-Waste-Aluminum-Cans-Ubc.jpg,cans_all_type,train,C:\Users\GAME\Documents\GitHub\Waste\data\Recyclable\Recyclable\cans_all_type\Made-in-China-Low-Price-No-Impurity-Waste-Beverage-Cans-Waste-Aluminum-Cans-Ubc.jpg
various-household-metal-waste-cans-600w-1586734066.jpg,cans_all_type,train,C:\Users\GAME\Documents\GitHub\Waste\data\Recyclable\Recyclable\cans_all_type\various-household-metal-waste-cans-600w-1586734066.jpg
aluminium-drink-cans-waste-recycle-close-up-view-turin-italy-october-164013257.jpg,cans_all_type,train,C:\Users\GAME\Documents\GitHub\Waste\data\Recyclable\Recyclable\cans_all_type\aluminium-drink-cans-waste-recycle-close-up-view-turin-italy-october-164013257.jpg
eaw-thailand-may-empty-recycling-close-up-view-waste-disposal-site-151705209.jpg,cans_all_type,train,C:\Users\GAME\Documents\GitHub\Waste\data\Recyclable\Recyclable\cans_all_type\eaw-thailand-may-empty-recycling-close-up-view-waste-disposal-site-151705209.jpg
family-size-cans-display-supermarket-company-was-founded-now-sells-157288625.jpg,cans_all_type,train,C:\Users\GAME\Documents\GitHub\Waste\data\Recyclable\Recyclable\cans_all_type\family-size-cans-display-supermarket-company-was-founded-now-sells-157288625.jpg
b7objects_household001.jpg,cans_all_type,train,C:\Users\GAME\Documents\GitHub\Waste\data\Recyclable\Recyclable\cans_all_type\b7objects_household001.jpg
02-zero-waste-plastic_3x4.jpg,cans_all_type,train,C:\Users\GAME\Documents\GitHub\Waste\data\Recyclable\Recyclable\cans_all_type\02-zero-waste-plastic_3x4.jpg
l-intro-1653069533.jpg,cans_all_type,train,C:\Users\GAME\Documents\GitHub\Waste\data\Recyclable\Recyclable\cans_all_type\l-intro-1653069533.jpg
Feature-Crops-2400-x-1350-58.png,cans_all_type,train,C:\Users\GAME\Documents\GitHub\Waste\data\Recyclable\Recyclable\cans_all_type\Feature-Crops-2400-x-1350-58.png
200114-compostable-packaging-cups-utensils-plates.pla-plastic-waste-pollution-3-salad.jpg,cans_all_type,train,C:\Users\GAME\Documents\GitHub\Waste\data\Recyclable\Recyclable\cans_all_type\200114-compostable-packaging-cups-utensils-plates.pla-plastic-waste-pollution-3-salad.jpg
2ed03c267a9e46d6a00350f7d01a56f1.jpg,cans_all_type,train,C:\Users\GAME\Documents\GitHub\Waste\data\Recyclable\Recyclable\cans_all_type\2ed03c267a9e46d6a00350f7d01a56f1.jpg
-can-mock-up-blank-template-juice-soda-beer-jar-blank-isolated-on-2163144491.jpg,cans_all_type,train,C:\Users\GAME\Documents\GitHub\Waste\data\Recyclable\Recyclable\cans_all_type\-can-mock-up-blank-template-juice-soda-beer-jar-blank-isolated-on-2163144491.jpg
aluminium-cans-2-piece-for-beer-and-beverages-two-piece-beer-cans.jpg,cans_all_type,train,C:\Users\GAME\Documents\GitHub\Waste\data\Recyclable\Recyclable\cans_all_type\aluminium-cans-2-piece-for-beer-and-beverages-two-piece-beer-cans.jpg
aluminium-cans-middle-east.jpg,cans_all_type,train,C:\Users\GAME\Documents\GitHub\Waste\data\Recyclable\Recyclable\cans_all_type\aluminium-cans-middle-east.jpg
soup-can-drawing-1.jpg,cans_all_type,train,C:\Users\GAME\Documents\GitHub\Waste\data\Recyclable\Recyclable\cans_all_type\soup-can-drawing-1.jpg
Figure-1_can-coatings-2.png,cans_all_type,train,C:\Users\GAME\Documents\GitHub\Waste\data\Recyclable\Recyclable\cans_all_type\Figure-1_can-coatings-2.png
0-Intro-canned_foods.jpg,cans_all_type,train,C:\Users\GAME\Documents\GitHub\Waste\data\Recyclable\Recyclable\cans_all_type\0-Intro-canned_foods.jpg
bd81ae39b970475bae9524c6018794aa_0_0.jpg,cans_all_type,train,C:\Users\GAME\Documents\GitHub\Waste\data\Recyclable\Recyclable\cans_all_type\bd81ae39b970475bae9524c6018794aa_0_0.jpg
steel-soup-can-opened-CC8AXM.jpg,cans_all_type,train,C:\Users\GAME\Documents\GitHub\Waste\data\Recyclable\Recyclable\cans_all_type\steel-soup-can-opened-CC8AXM.jpg
aluminium-cans-278.jpg,cans_all_type,train,C:\Users\GAME\Documents\GitHub\Waste\data\Recyclable\Recyclable\cans_all_type\aluminium-cans-278.jpg
Aluminium_cans.jpg,cans_all_type,train,C:\Users\GAME\Documents\GitHub\Waste\data\Recyclable\Recyclable\cans_all_type\Aluminium_cans.jpg
500ml-blank-customized-drink-printed-aluminum-can-747.jpg,cans_all_type,train,C:\Users\GAME\Documents\GitHub\Waste\data\Recyclable\Recyclable\cans_all_type\500ml-blank-customized-drink-printed-aluminum-can-747.jpg
cd28515cb9fbaf5589376da505766a8f.png,cans_all_type,train,C:\Users\GAME\Documents\GitHub\Waste\data\Recyclable\Recyclable\cans_all_type\cd28515cb9fbaf5589376da505766a8f.png
empty-aluminium-drinks-cans-recycling-rostov-don-russia-172776163.jpg,cans_all_type,train,C:\Users\GAME\Documents\GitHub\Waste\data\Recyclable\Recyclable\cans_all_type\empty-aluminium-drinks-cans-recycling-rostov-don-russia-172776163.jpg
used-beverage-cans-aluminum-scrap-ubc--500x500.jpg,cans_all_type,train,C:\Users\GAME\Documents\GitHub\Waste\data\Recyclable\Recyclable\cans_all_type\used-beverage-cans-aluminum-scrap-ubc--500x500.jpg
png-clipart-aluminum-can-recycling-bin-rubbish-bins-waste-paper-baskets-others-recycling-waste.png,cans_all_type,train,C:\Users\GAME\Documents\GitHub\Waste\data\Recyclable\Recyclable\cans_all_type\png-clipart-aluminum-can-recycling-bin-rubbish-bins-waste-paper-baskets-others-recycling-waste.png
Can-do-attitude-beWater-plans-ASEAN-expansion-in-bid-to-reduce-plastic-waste-problem.jpg,cans_all_type,train,C:\Users\GAME\Documents\GitHub\Waste\data\Recyclable\Recyclable\cans_all_type\Can-do-attitude-beWater-plans-ASEAN-expansion-in-bid-to-reduce-plastic-waste-problem.jpg
aluminum-recycling2.png,cans_all_type,train,C:\Users\GAME\Documents\GitHub\Waste\data\Recyclable\Recyclable\cans_all_type\aluminum-recycling2.png
AdobeStock_9525053geo-scaled.jpeg,cans_all_type,train,C:\Users\GAME\Documents\GitHub\Waste\data\Recyclable\Recyclable\cans_all_type\AdobeStock_9525053geo-scaled.jpeg
plastic-waste-and-other-recylable-items-1080x675.jpg,cans_all_type,train,C:\Users\GAME\Documents\GitHub\Waste\data\Recyclable\Recyclable\cans_all_type\plastic-waste-and-other-recylable-items-1080x675.jpg
alum-metal.png,cans_all_type,train,C:\Users\GAME\Documents\GitHub\Waste\data\Recyclable\Recyclable\cans_all_type\alum-metal.png
stocking-up-food-covid19.jpg,cans_all_type,train,C:\Users\GAME\Documents\GitHub\Waste\data\Recyclable\Recyclable\cans_all_type\stocking-up-food-covid19.jpg
pouqoxmmx1.jpg,cans_all_type,train,C:\Users\GAME\Documents\GitHub\Waste\data\Recyclable\Recyclable\cans_all_type\pouqoxmmx1.jpg
paint_cats.png,cans_all_type,train,C:\Users\GAME\Documents\GitHub\Waste\data\Recyclable\Recyclable\cans_all_type\paint_cats.png
recycle-aluminum-metal-crushed-can-waste-background_293060-10750.jpg,cans_all_type,train,C:\Users\GAME\Documents\GitHub\Waste\data\Recyclable\Recyclable\cans_all_type\recycle-aluminum-metal-crushed-can-waste-background_293060-10750.jpg
77f9877872b344e2be60aee8e19b757b_0_0.jpg,cans_all_type,train,C:\Users\GAME\Documents\GitHub\Waste\data\Recyclable\Recyclable\cans_all_type\77f9877872b344e2be60aee8e19b757b_0_0.jpg
Empty_tin_can2009-01-19.jpg,cans_all_type,train,C:\Users\GAME\Documents\GitHub\Waste\data\Recyclable\Recyclable\cans_all_type\Empty_tin_can2009-01-19.jpg
crushed-tin-can-isolated-2BY4XX9.jpg,cans_all_type,train,C:\Users\GAME\Documents\GitHub\Waste\data\Recyclable\Recyclable\cans_all_type\crushed-tin-can-isolated-2BY4XX9.jpg
image28.jpg,cans_all_type,train,C:\Users\GAME\Documents\GitHub\Waste\data\Recyclable\Recyclable\cans_all_type\image28.jpg
iStock-882176684-recycle-cans.jpg,cans_all_type,train,C:\Users\GAME\Documents\GitHub\Waste\data\Recyclable\Recyclable\cans_all_type\iStock-882176684-recycle-cans.jpg
5222093606_5eb8eb9a4b.jpg,cans_all_type,train,C:\Users\GAME\Documents\GitHub\Waste\data\Recyclable\Recyclable\cans_all_type\5222093606_5eb8eb9a4b.jpg
empty-tin-can-isolated-on-a-white-background-metallic-food-container-2BWM655.jpg,cans_all_type,train,C:\Users\GAME\Documents\GitHub\Waste\data\Recyclable\Recyclable\cans_all_type\empty-tin-can-isolated-on-a-white-background-metallic-food-container-2BWM655.jpg
24957061-a-load-of-aluminum-cans-to-be-compressed-and-baled-for-recycling-in-the-us.jpg,cans_all_type,train,C:\Users\GAME\Documents\GitHub\Waste\data\Recyclable\Recyclable\cans_all_type\24957061-a-load-of-aluminum-cans-to-be-compressed-and-baled-for-recycling-in-the-us.jpg
depositphotos_524542642-stock-photo-tin-can-preserve-food-template.jpg,cans_all_type,train,C:\Users\GAME\Documents\GitHub\Waste\data\Recyclable\Recyclable\cans_all_type\depositphotos_524542642-stock-photo-tin-can-preserve-food-template.jpg
360_F_211809581_35L09wrZOS8a0ttvlCgYX6YNXE8pwM7q.jpg,cans_all_type,train,C:\Users\GAME\Documents\GitHub\Waste\data\Recyclable\Recyclable\cans_all_type\360_F_211809581_35L09wrZOS8a0ttvlCgYX6YNXE8pwM7q.jpg
360_F_141404485_na6RQwOXUQcEvWupbecza08k35l69Ben.jpg,cans_all_type,train,C:\Users\GAME\Documents\GitHub\Waste\data\Recyclable\Recyclable\cans_all_type\360_F_141404485_na6RQwOXUQcEvWupbecza08k35l69Ben.jpg
f2682342b94143bdbaac90802452fa81_0_0.jpg,cans_all_type,train,C:\Users\GAME\Documents\GitHub\Waste\data\Recyclable\Recyclable\cans_all_type\f2682342b94143bdbaac90802452fa81_0_0.jpg
used-can-scrap-500x500.png,cans_all_type,train,C:\Users\GAME\Documents\GitHub\Waste\data\Recyclable\Recyclable\cans_all_type\used-can-scrap-500x500.png
1673984002-51RqVCsy9ML._SL500_.jpg,cans_all_type,train,C:\Users\GAME\Documents\GitHub\Waste\data\Recyclable\Recyclable\cans_all_type\1673984002-51RqVCsy9ML._SL500_.jpg
aluminium-steel-cans.png,cans_all_type,train,C:\Users\GAME\Documents\GitHub\Waste\data\Recyclable\Recyclable\cans_all_type\aluminium-steel-cans.png
aluminum-recycling.jpg,cans_all_type,train,C:\Users\GAME\Documents\GitHub\Waste\data\Recyclable\Recyclable\cans_all_type\aluminum-recycling.jpg
bev20can.jpg,cans_all_type,train,C:\Users\GAME\Documents\GitHub\Waste\data\Recyclable\Recyclable\cans_all_type\bev20can.jpg
used-food-cans-at-recycling-center-germany-europe-S1TE9M.jpg,cans_all_type,train,C:\Users\GAME\Documents\GitHub\Waste\data\Recyclable\Recyclable\cans_all_type\used-food-cans-at-recycling-center-germany-europe-S1TE9M.jpg
-of-soda-drinks-in-aluminum-cans-isolated-on-white-with-clipping-path-brands.jpg,cans_all_type,train,C:\Users\GAME\Documents\GitHub\Waste\data\Recyclable\Recyclable\cans_all_type\-of-soda-drinks-in-aluminum-cans-isolated-on-white-with-clipping-path-brands.jpg
_118448907_154c85b8-47e0-4a98-8dd6-37e588315d9d.jpg,ceramic_product,train,C:\Users\GAME\Documents\GitHub\Waste\data\Non-Recyclable\Non-Recyclable\ceramic_product\_118448907_154c85b8-47e0-4a98-8dd6-37e588315d9d.jpg
9.jpg,ceramic_product,train,C:\Users\GAME\Documents\GitHub\Waste\data\Non-Recyclable\Non-Recyclable\ceramic_product\9.jpg
guide-glass-brokenglass.jpg,ceramic_product,train,C:\Users\GAME\Documents\GitHub\Waste\data\Non-Recyclable\Non-Recyclable\ceramic_product\guide-glass-brokenglass.jpg
Recycle-Disposal.png,ceramic_product,train,C:\Users\GAME\Documents\GitHub\Waste\data\Non-Recyclable\Non-Recyclable\ceramic_product\Recycle-Disposal.png
drop-coffee-by-roar-studio-dubai_dezeen_2364_col_hero1-852x479.jpg,ceramic_product,train,C:\Users\GAME\Documents\GitHub\Waste\data\Non-Recyclable\Non-Recyclable\ceramic_product\drop-coffee-by-roar-studio-dubai_dezeen_2364_col_hero1-852x479.jpg
1200x628-5-1024x536.jpg,ceramic_product,train,C:\Users\GAME\Documents\GitHub\Waste\data\Non-Recyclable\Non-Recyclable\ceramic_product\1200x628-5-1024x536.jpg
LZSBWTVMZFLHTBPVKNOIAGPNEY.jpg,ceramic_product,train,C:\Users\GAME\Documents\GitHub\Waste\data\Non-Recyclable\Non-Recyclable\ceramic_product\LZSBWTVMZFLHTBPVKNOIAGPNEY.jpg
broken-ceramic-glass-which-damaged-260nw-1420943837.jpg,ceramic_product,train,C:\Users\GAME\Documents\GitHub\Waste\data\Non-Recyclable\Non-Recyclable\ceramic_product\broken-ceramic-glass-which-damaged-260nw-1420943837.jpg
nish-gray_glaze2C_gold_lacquer_-_Ethnological_Museum2C_Berlin_-_DSC02061.JPG.jpg,ceramic_product,train,C:\Users\GAME\Documents\GitHub\Waste\data\Non-Recyclable\Non-Recyclable\ceramic_product\nish-gray_glaze2C_gold_lacquer_-_Ethnological_Museum2C_Berlin_-_DSC02061.JPG.jpg
e-patterns-isolated-white-background-vector-cartoon-illustration_76964-12318.jpg,ceramic_product,train,C:\Users\GAME\Documents\GitHub\Waste\data\Non-Recyclable\Non-Recyclable\ceramic_product\e-patterns-isolated-white-background-vector-cartoon-illustration_76964-12318.jpg
How-to-dispose-of-broken-glass-Cover.webp,ceramic_product,train,C:\Users\GAME\Documents\GitHub\Waste\data\Non-Recyclable\Non-Recyclable\ceramic_product\How-to-dispose-of-broken-glass-Cover.webp
breaking_glass_blog_banner.jpg,ceramic_product,train,C:\Users\GAME\Documents\GitHub\Waste\data\Non-Recyclable\Non-Recyclable\ceramic_product\breaking_glass_blog_banner.jpg
dishes-not-recyclable.jpg,ceramic_product,train,C:\Users\GAME\Documents\GitHub\Waste\data\Non-Recyclable\Non-Recyclable\ceramic_product\dishes-not-recyclable.jpg
kintsugi_2048x2048.jpg,ceramic_product,train,C:\Users\GAME\Documents\GitHub\Waste\data\Non-Recyclable\Non-Recyclable\ceramic_product\kintsugi_2048x2048.jpg
EDII_NMUS_V_2007_289_1-001.jpg,ceramic_product,train,C:\Users\GAME\Documents\GitHub\Waste\data\Non-Recyclable\Non-Recyclable\ceramic_product\EDII_NMUS_V_2007_289_1-001.jpg
woman_sort_recycle_glass_bin.jpg,ceramic_product,train,C:\Users\GAME\Documents\GitHub\Waste\data\Non-Recyclable\Non-Recyclable\ceramic_product\woman_sort_recycle_glass_bin.jpg
hq720.jpg,ceramic_product,train,C:\Users\GAME\Documents\GitHub\Waste\data\Non-Recyclable\Non-Recyclable\ceramic_product\hq720.jpg
recycled-glass-powder-500x500.jpg,ceramic_product,train,C:\Users\GAME\Documents\GitHub\Waste\data\Non-Recyclable\Non-Recyclable\ceramic_product\recycled-glass-powder-500x500.jpg
e-clay-broken-ceramic-jug-waste-handmade-plasticine-isolated-white-163744973.jpg,ceramic_product,train,C:\Users\GAME\Documents\GitHub\Waste\data\Non-Recyclable\Non-Recyclable\ceramic_product\e-clay-broken-ceramic-jug-waste-handmade-plasticine-isolated-white-163744973.jpg
recycling-06-00026-g001.png,ceramic_product,train,C:\Users\GAME\Documents\GitHub\Waste\data\Non-Recyclable\Non-Recyclable\ceramic_product\recycling-06-00026-g001.png
granby-workshop-waste-ceramics-design_dezeen_2364_sq-1.jpg,ceramic_product,train,C:\Users\GAME\Documents\GitHub\Waste\data\Non-Recyclable\Non-Recyclable\ceramic_product\granby-workshop-waste-ceramics-design_dezeen_2364_sq-1.jpg
turn-broken-ceramics-800x800.jpg,ceramic_product,train,C:\Users\GAME\Documents\GitHub\Waste\data\Non-Recyclable\Non-Recyclable\ceramic_product\turn-broken-ceramics-800x800.jpg
Beer_bottles_2018_G1.jpg,ceramic_product,train,C:\Users\GAME\Documents\GitHub\Waste\data\Non-Recyclable\Non-Recyclable\ceramic_product\Beer_bottles_2018_G1.jpg
Broken-ceramic-mug-1024x597.jpg,ceramic_product,train,C:\Users\GAME\Documents\GitHub\Waste\data\Non-Recyclable\Non-Recyclable\ceramic_product\Broken-ceramic-mug-1024x597.jpg
why-does-ceramic-break-glass.jpg,ceramic_product,train,C:\Users\GAME\Documents\GitHub\Waste\data\Non-Recyclable\Non-Recyclable\ceramic_product\why-does-ceramic-break-glass.jpg
ImageForNews_59851_16615112202202141.jpg,ceramic_product,train,C:\Users\GAME\Documents\GitHub\Waste\data\Non-Recyclable\Non-Recyclable\ceramic_product\ImageForNews_59851_16615112202202141.jpg
hong-kong-august-01-a-mix-of-broken-glass-shattered-ceramics-building-HKCCMG.jpg,ceramic_product,train,C:\Users\GAME\Documents\GitHub\Waste\data\Non-Recyclable\Non-Recyclable\ceramic_product\hong-kong-august-01-a-mix-of-broken-glass-shattered-ceramics-building-HKCCMG.jpg
1f962803384fdb322c4df8ad882b6176.jpg,ceramic_product,train,C:\Users\GAME\Documents\GitHub\Waste\data\Non-Recyclable\Non-Recyclable\ceramic_product\1f962803384fdb322c4df8ad882b6176.jpg
file-20221102-45064-bw9n55.jpg,ceramic_product,train,C:\Users\GAME\Documents\GitHub\Waste\data\Non-Recyclable\Non-Recyclable\ceramic_product\file-20221102-45064-bw9n55.jpg
rritory-india-feb-a-beautiful-pattern-of-bird-made-with-waste-and-2284142049.jpg,ceramic_product,train,C:\Users\GAME\Documents\GitHub\Waste\data\Non-Recyclable\Non-Recyclable\ceramic_product\rritory-india-feb-a-beautiful-pattern-of-bird-made-with-waste-and-2284142049.jpg
broken20mug.png,ceramic_product,train,C:\Users\GAME\Documents\GitHub\Waste\data\Non-Recyclable\Non-Recyclable\ceramic_product\broken20mug.png
broken-bottles-4-1024x818.jpg,ceramic_product,train,C:\Users\GAME\Documents\GitHub\Waste\data\Non-Recyclable\Non-Recyclable\ceramic_product\broken-bottles-4-1024x818.jpg
original.jpg,ceramic_product,train,C:\Users\GAME\Documents\GitHub\Waste\data\Non-Recyclable\Non-Recyclable\ceramic_product\original.jpg
shutterstock_1805501278-1.jpg,ceramic_product,train,C:\Users\GAME\Documents\GitHub\Waste\data\Non-Recyclable\Non-Recyclable\ceramic_product\shutterstock_1805501278-1.jpg
trash17_wide-9ef04671bfc0a0abd41c2950e6652fa098890b95-s1100-c50.jpg,ceramic_product,train,C:\Users\GAME\Documents\GitHub\Waste\data\Non-Recyclable\Non-Recyclable\ceramic_product\trash17_wide-9ef04671bfc0a0abd41c2950e6652fa098890b95-s1100-c50.jpg
Brock3-1080x810.jpg,ceramic_product,train,C:\Users\GAME\Documents\GitHub\Waste\data\Non-Recyclable\Non-Recyclable\ceramic_product\Brock3-1080x810.jpg
kintsugi-art-japanese-broken-pottery.jpeg,ceramic_product,train,C:\Users\GAME\Documents\GitHub\Waste\data\Non-Recyclable\Non-Recyclable\ceramic_product\kintsugi-art-japanese-broken-pottery.jpeg
mosaic-china-crafts.jpg,ceramic_product,train,C:\Users\GAME\Documents\GitHub\Waste\data\Non-Recyclable\Non-Recyclable\ceramic_product\mosaic-china-crafts.jpg
800px_COLOURBOX5957211.jpg,ceramic_product,train,C:\Users\GAME\Documents\GitHub\Waste\data\Non-Recyclable\Non-Recyclable\ceramic_product\800px_COLOURBOX5957211.jpg
arts-crockery-halves-broken-white-cup-disintegration-accident-cut_695181-454.jpg,ceramic_product,train,C:\Users\GAME\Documents\GitHub\Waste\data\Non-Recyclable\Non-Recyclable\ceramic_product\arts-crockery-halves-broken-white-cup-disintegration-accident-cut_695181-454.jpg
DsixVthXoAAJ_eE.jpg,ceramic_product,train,C:\Users\GAME\Documents\GitHub\Waste\data\Non-Recyclable\Non-Recyclable\ceramic_product\DsixVthXoAAJ_eE.jpg
largepreview.png,ceramic_product,train,C:\Users\GAME\Documents\GitHub\Waste\data\Non-Recyclable\Non-Recyclable\ceramic_product\largepreview.png
broken-chinese-ceramic-vase-on-white-background-CR2H8C.jpg,ceramic_product,train,C:\Users\GAME\Documents\GitHub\Waste\data\Non-Recyclable\Non-Recyclable\ceramic_product\broken-chinese-ceramic-vase-on-white-background-CR2H8C.jpg
broken-plastic-glass-ceramic-trash-polluting-rocky-shoreline-lake-washington-close-up-166216643.jpg,ceramic_product,train,C:\Users\GAME\Documents\GitHub\Waste\data\Non-Recyclable\Non-Recyclable\ceramic_product\broken-plastic-glass-ceramic-trash-polluting-rocky-shoreline-lake-washington-close-up-166216643.jpg
Glass.jpg,ceramic_product,train,C:\Users\GAME\Documents\GitHub\Waste\data\Non-Recyclable\Non-Recyclable\ceramic_product\Glass.jpg
fd315fee1ce664f215b7fc517d259bde.jpg,ceramic_product,train,C:\Users\GAME\Documents\GitHub\Waste\data\Non-Recyclable\Non-Recyclable\ceramic_product\fd315fee1ce664f215b7fc517d259bde.jpg
wl-bottom-broken-glass-w-melted-bubbles-air-vessel-was-placed-front-85817408.jpg,ceramic_product,train,C:\Users\GAME\Documents\GitHub\Waste\data\Non-Recyclable\Non-Recyclable\ceramic_product\wl-bottom-broken-glass-w-melted-bubbles-air-vessel-was-placed-front-85817408.jpg
339751732.jpg,ceramic_product,train,C:\Users\GAME\Documents\GitHub\Waste\data\Non-Recyclable\Non-Recyclable\ceramic_product\339751732.jpg
msw-small.jpg,ceramic_product,train,C:\Users\GAME\Documents\GitHub\Waste\data\Non-Recyclable\Non-Recyclable\ceramic_product\msw-small.jpg
IMG_3214.JPG.jpg,ceramic_product,train,C:\Users\GAME\Documents\GitHub\Waste\data\Non-Recyclable\Non-Recyclable\ceramic_product\IMG_3214.JPG.jpg
09928-cover-opener.jpg,ceramic_product,train,C:\Users\GAME\Documents\GitHub\Waste\data\Non-Recyclable\Non-Recyclable\ceramic_product\09928-cover-opener.jpg
amic-tiles-floor-family-quarrel-irritation-broken-dishes-for-happiness-photo.jpg,ceramic_product,train,C:\Users\GAME\Documents\GitHub\Waste\data\Non-Recyclable\Non-Recyclable\ceramic_product\amic-tiles-floor-family-quarrel-irritation-broken-dishes-for-happiness-photo.jpg
shards-of-broken-pottery-CFKKAG.jpg,ceramic_product,train,C:\Users\GAME\Documents\GitHub\Waste\data\Non-Recyclable\Non-Recyclable\ceramic_product\shards-of-broken-pottery-CFKKAG.jpg
broken-glass-mosaic-tile-decoration-in-park-guell-barcelona-spain-1017069073.jpg,ceramic_product,train,C:\Users\GAME\Documents\GitHub\Waste\data\Non-Recyclable\Non-Recyclable\ceramic_product\broken-glass-mosaic-tile-decoration-in-park-guell-barcelona-spain-1017069073.jpg
c7c78ff954653f5d1aa71fc29f6ed604.jpg,ceramic_product,train,C:\Users\GAME\Documents\GitHub\Waste\data\Non-Recyclable\Non-Recyclable\ceramic_product\c7c78ff954653f5d1aa71fc29f6ed604.jpg
30322484-clay-pottery-ceramics-in-background-broken-glass-debris-design-wall.jpg,ceramic_product,train,C:\Users\GAME\Documents\GitHub\Waste\data\Non-Recyclable\Non-Recyclable\ceramic_product\30322484-clay-pottery-ceramics-in-background-broken-glass-debris-design-wall.jpg
5d6244dbed155216ff0b25ec8a3405f3.jpg,ceramic_product,train,C:\Users\GAME\Documents\GitHub\Waste\data\Non-Recyclable\Non-Recyclable\ceramic_product\5d6244dbed155216ff0b25ec8a3405f3.jpg
3de69e4f-ae11-4b1c-9b81-e2cac38564cf.jpg,ceramic_product,train,C:\Users\GAME\Documents\GitHub\Waste\data\Non-Recyclable\Non-Recyclable\ceramic_product\3de69e4f-ae11-4b1c-9b81-e2cac38564cf.jpg
stock-photo-broken-ceramic-glass-which-is-damaged-by-transportation-1425982577.jpg,ceramic_product,train,C:\Users\GAME\Documents\GitHub\Waste\data\Non-Recyclable\Non-Recyclable\ceramic_product\stock-photo-broken-ceramic-glass-which-is-damaged-by-transportation-1425982577.jpg
kintsugi-portata.png,ceramic_product,train,C:\Users\GAME\Documents\GitHub\Waste\data\Non-Recyclable\Non-Recyclable\ceramic_product\kintsugi-portata.png
image-asset.jpeg,ceramic_product,train,C:\Users\GAME\Documents\GitHub\Waste\data\Non-Recyclable\Non-Recyclable\ceramic_product\image-asset.jpeg
stock-photo-broken-ceramics-dishes-in-wall-background-stock-images-214036360.jpg,ceramic_product,train,C:\Users\GAME\Documents\GitHub\Waste\data\Non-Recyclable\Non-Recyclable\ceramic_product\stock-photo-broken-ceramics-dishes-in-wall-background-stock-images-214036360.jpg
colored-glass-pieces.jpg,ceramic_product,train,C:\Users\GAME\Documents\GitHub\Waste\data\Non-Recyclable\Non-Recyclable\ceramic_product\colored-glass-pieces.jpg
woman-repairing-broken-pottery-kintsugi-royalty-free-image-1680030784.jpg,ceramic_product,train,C:\Users\GAME\Documents\GitHub\Waste\data\Non-Recyclable\Non-Recyclable\ceramic_product\woman-repairing-broken-pottery-kintsugi-royalty-free-image-1680030784.jpg
plate-blue-broken-cemetery.jpg,ceramic_product,train,C:\Users\GAME\Documents\GitHub\Waste\data\Non-Recyclable\Non-Recyclable\ceramic_product\plate-blue-broken-cemetery.jpg
glass-disposal.jpeg,ceramic_product,train,C:\Users\GAME\Documents\GitHub\Waste\data\Non-Recyclable\Non-Recyclable\ceramic_product\glass-disposal.jpeg
1-s2.0-S0959652618312502-egi10VHWB78ZW0.jpg,ceramic_product,train,C:\Users\GAME\Documents\GitHub\Waste\data\Non-Recyclable\Non-Recyclable\ceramic_product\1-s2.0-S0959652618312502-egi10VHWB78ZW0.jpg
ulptures-of-broken-porcelain-vases-within-other-glass-ones-by-bouke-de-vries.jpg,ceramic_product,train,C:\Users\GAME\Documents\GitHub\Waste\data\Non-Recyclable\Non-Recyclable\ceramic_product\ulptures-of-broken-porcelain-vases-within-other-glass-ones-by-bouke-de-vries.jpg
81xHJfbgGS.jpg,ceramic_product,train,C:\Users\GAME\Documents\GitHub\Waste\data\Non-Recyclable\Non-Recyclable\ceramic_product\81xHJfbgGS.jpg
new_guide_available_for_fractography_of_ceramics_and_glasses.jpg,ceramic_product,train,C:\Users\GAME\Documents\GitHub\Waste\data\Non-Recyclable\Non-Recyclable\ceramic_product\new_guide_available_for_fractography_of_ceramics_and_glasses.jpg
better-kintsugi-kumai.jpg,ceramic_product,train,C:\Users\GAME\Documents\GitHub\Waste\data\Non-Recyclable\Non-Recyclable\ceramic_product\better-kintsugi-kumai.jpg
kintsugi-hero.jpg,ceramic_product,train,C:\Users\GAME\Documents\GitHub\Waste\data\Non-Recyclable\Non-Recyclable\ceramic_product\kintsugi-hero.jpg
colorful-broken-glass-pottery-on-260nw-1532128616.jpg,ceramic_product,train,C:\Users\GAME\Documents\GitHub\Waste\data\Non-Recyclable\Non-Recyclable\ceramic_product\colorful-broken-glass-pottery-on-260nw-1532128616.jpg
letsbeclear-glass-jp-dd3_original.jpg,ceramic_product,train,C:\Users\GAME\Documents\GitHub\Waste\data\Non-Recyclable\Non-Recyclable\ceramic_product\letsbeclear-glass-jp-dd3_original.jpg
handmade-old-clay-pottery-ceramics-picture_csp21200013.jpg,ceramic_product,train,C:\Users\GAME\Documents\GitHub\Waste\data\Non-Recyclable\Non-Recyclable\ceramic_product\handmade-old-clay-pottery-ceramics-picture_csp21200013.jpg
370177714.jpg,ceramic_product,train,C:\Users\GAME\Documents\GitHub\Waste\data\Non-Recyclable\Non-Recyclable\ceramic_product\370177714.jpg
Blog-Images-15.jpg,ceramic_product,train,C:\Users\GAME\Documents\GitHub\Waste\data\Non-Recyclable\Non-Recyclable\ceramic_product\Blog-Images-15.jpg
tures-of-broken-porcelain-vases-within-other-glass-ones-by-bouke-de-vries-14.jpg,ceramic_product,train,C:\Users\GAME\Documents\GitHub\Waste\data\Non-Recyclable\Non-Recyclable\ceramic_product\tures-of-broken-porcelain-vases-within-other-glass-ones-by-bouke-de-vries-14.jpg
broken-glass-mosaic-tiles-bench-as-ceramic-art-in-park-guell-barcelona-spain-2B6HY56.jpg,ceramic_product,train,C:\Users\GAME\Documents\GitHub\Waste\data\Non-Recyclable\Non-Recyclable\ceramic_product\broken-glass-mosaic-tiles-bench-as-ceramic-art-in-park-guell-barcelona-spain-2B6HY56.jpg
how_to_creatively_use_the_broken_coffee_mugs.jpg,ceramic_product,train,C:\Users\GAME\Documents\GitHub\Waste\data\Non-Recyclable\Non-Recyclable\ceramic_product\how_to_creatively_use_the_broken_coffee_mugs.jpg
broken-glass-separated-by-color-and-prepared-for-recycling-at-a-glass-CC88DY.jpg,ceramic_product,train,C:\Users\GAME\Documents\GitHub\Waste\data\Non-Recyclable\Non-Recyclable\ceramic_product\broken-glass-separated-by-color-and-prepared-for-recycling-at-a-glass-CC88DY.jpg
WDPRGPFC001b-Waste-Broken-Glass-n-Ceramic-Pieces-Living-2-scaled.jpg,ceramic_product,train,C:\Users\GAME\Documents\GitHub\Waste\data\Non-Recyclable\Non-Recyclable\ceramic_product\WDPRGPFC001b-Waste-Broken-Glass-n-Ceramic-Pieces-Living-2-scaled.jpg
the-old-broken-glass-cup-D8GBJ9.jpg,ceramic_product,train,C:\Users\GAME\Documents\GitHub\Waste\data\Non-Recyclable\Non-Recyclable\ceramic_product\the-old-broken-glass-cup-D8GBJ9.jpg
p037kb0l.jpg,ceramic_product,train,C:\Users\GAME\Documents\GitHub\Waste\data\Non-Recyclable\Non-Recyclable\ceramic_product\p037kb0l.jpg
depositphotos_234468602-stock-photo-collage-tile-decoration-broken-glass.jpg,ceramic_product,train,C:\Users\GAME\Documents\GitHub\Waste\data\Non-Recyclable\Non-Recyclable\ceramic_product\depositphotos_234468602-stock-photo-collage-tile-decoration-broken-glass.jpg
5j45j45j-min.jpg,ceramic_product,train,C:\Users\GAME\Documents\GitHub\Waste\data\Non-Recyclable\Non-Recyclable\ceramic_product\5j45j45j-min.jpg
maxresdefault2.jpg,ceramic_product,train,C:\Users\GAME\Documents\GitHub\Waste\data\Non-Recyclable\Non-Recyclable\ceramic_product\maxresdefault2.jpg
granby-workshop-assemble-ceramics-design_dezeen_2364_col_5-852x852.jpg,ceramic_product,train,C:\Users\GAME\Documents\GitHub\Waste\data\Non-Recyclable\Non-Recyclable\ceramic_product\granby-workshop-assemble-ceramics-design_dezeen_2364_col_5-852x852.jpg
broken-glass-waste-and-disposal-drawing_csp79427295.jpg,ceramic_product,train,C:\Users\GAME\Documents\GitHub\Waste\data\Non-Recyclable\Non-Recyclable\ceramic_product\broken-glass-waste-and-disposal-drawing_csp79427295.jpg
1000_F_172501432_IhEVRC2DHxNv7FchR8D5RbTA7f2gWbee.jpg,ceramic_product,train,C:\Users\GAME\Documents\GitHub\Waste\data\Non-Recyclable\Non-Recyclable\ceramic_product\1000_F_172501432_IhEVRC2DHxNv7FchR8D5RbTA7f2gWbee.jpg
WDPRGPFC001b-Waste-Broken-Glass-n-Ceramic-Pieces-design.jpg,ceramic_product,train,C:\Users\GAME\Documents\GitHub\Waste\data\Non-Recyclable\Non-Recyclable\ceramic_product\WDPRGPFC001b-Waste-Broken-Glass-n-Ceramic-Pieces-design.jpg
640-close-up-of-ceramics_600x600_crop_center.jpg,ceramic_product,train,C:\Users\GAME\Documents\GitHub\Waste\data\Non-Recyclable\Non-Recyclable\ceramic_product\640-close-up-of-ceramics_600x600_crop_center.jpg
J-152-019-thumb-1600x900---3890.jpg,ceramic_product,train,C:\Users\GAME\Documents\GitHub\Waste\data\Non-Recyclable\Non-Recyclable\ceramic_product\J-152-019-thumb-1600x900---3890.jpg
22222222.jpg,ceramic_product,train,C:\Users\GAME\Documents\GitHub\Waste\data\Non-Recyclable\Non-Recyclable\ceramic_product\22222222.jpg
3D5RzKh5xf0shYAlvPrUAnD5Sw3lHKXdYM0BF953.jpeg,ceramic_product,train,C:\Users\GAME\Documents\GitHub\Waste\data\Non-Recyclable\Non-Recyclable\ceramic_product\3D5RzKh5xf0shYAlvPrUAnD5Sw3lHKXdYM0BF953.jpeg
-broken-porcelain-vases-within-other-glass-ones-by-bouke-de-vries-sharecover.jpg,ceramic_product,train,C:\Users\GAME\Documents\GitHub\Waste\data\Non-Recyclable\Non-Recyclable\ceramic_product\-broken-porcelain-vases-within-other-glass-ones-by-bouke-de-vries-sharecover.jpg
Glass-recycling.jpg,ceramic_product,train,C:\Users\GAME\Documents\GitHub\Waste\data\Non-Recyclable\Non-Recyclable\ceramic_product\Glass-recycling.jpg
016_2a2d9b08-8e22-428e-be37-585f08a246dc_2700x.jpg,coffee_tea_bags,train,C:\Users\GAME\Documents\GitHub\Waste\data\Organic\Organic\coffee_tea_bags\016_2a2d9b08-8e22-428e-be37-585f08a246dc_2700x.jpg
41F0KiwPjPL._AC_UF10001000_QL80_.jpg,coffee_tea_bags,train,C:\Users\GAME\Documents\GitHub\Waste\data\Organic\Organic\coffee_tea_bags\41F0KiwPjPL._AC_UF10001000_QL80_.jpg
CCC-PDP-GrabBag-CoffeeAndTea--White_1400x.jpg,coffee_tea_bags,train,C:\Users\GAME\Documents\GitHub\Waste\data\Organic\Organic\coffee_tea_bags\CCC-PDP-GrabBag-CoffeeAndTea--White_1400x.jpg
00-staple-free-tea-bags-product-images-orvuii2bcls-p591403149-0-202205171557.jpg,coffee_tea_bags,train,C:\Users\GAME\Documents\GitHub\Waste\data\Organic\Organic\coffee_tea_bags\00-staple-free-tea-bags-product-images-orvuii2bcls-p591403149-0-202205171557.jpg
225-green-coffee-beans-powder-225-g-with-lemongrass-ginger-green-original-imafbh9ygzhgqh82.jpeg,coffee_tea_bags,train,C:\Users\GAME\Documents\GitHub\Waste\data\Organic\Organic\coffee_tea_bags\225-green-coffee-beans-powder-225-g-with-lemongrass-ginger-green-original-imafbh9ygzhgqh82.jpeg
IMG_7701.JPG.jpg,coffee_tea_bags,train,C:\Users\GAME\Documents\GitHub\Waste\data\Organic\Organic\coffee_tea_bags\IMG_7701.JPG.jpg
1200px-Latte_and_dark_coffee.jpg,coffee_tea_bags,train,C:\Users\GAME\Documents\GitHub\Waste\data\Organic\Organic\coffee_tea_bags\1200px-Latte_and_dark_coffee.jpg
benefits-for-the-body.png,coffee_tea_bags,train,C:\Users\GAME\Documents\GitHub\Waste\data\Organic\Organic\coffee_tea_bags\benefits-for-the-body.png
250-kerala-fresh-coffee-beans-powder-blended-with-chicory-80-20-original-imag9rfchctuww9g.jpeg,coffee_tea_bags,train,C:\Users\GAME\Documents\GitHub\Waste\data\Organic\Organic\coffee_tea_bags\250-kerala-fresh-coffee-beans-powder-blended-with-chicory-80-20-original-imag9rfchctuww9g.jpeg
CA4A5068_1000x1000.jpg,coffee_tea_bags,train,C:\Users\GAME\Documents\GitHub\Waste\data\Organic\Organic\coffee_tea_bags\CA4A5068_1000x1000.jpg
shutterstock_1976758055.jpg,coffee_tea_bags,train,C:\Users\GAME\Documents\GitHub\Waste\data\Organic\Organic\coffee_tea_bags\shutterstock_1976758055.jpg
Tassyam-Ground-Coffee-150-gm-SDL893659180-1-dc5dd.jpg,coffee_tea_bags,train,C:\Users\GAME\Documents\GitHub\Waste\data\Organic\Organic\coffee_tea_bags\Tassyam-Ground-Coffee-150-gm-SDL893659180-1-dc5dd.jpg
open-bags-and-collect-tea-leaves-for-composting.jpg,coffee_tea_bags,train,C:\Users\GAME\Documents\GitHub\Waste\data\Organic\Organic\coffee_tea_bags\open-bags-and-collect-tea-leaves-for-composting.jpg
Tropical_1800x.jpg,coffee_tea_bags,train,C:\Users\GAME\Documents\GitHub\Waste\data\Organic\Organic\coffee_tea_bags\Tropical_1800x.jpg
set-cup-of-tea-with-bag-bag-coffee-beans-coffee-vector-46052070.jpg,coffee_tea_bags,train,C:\Users\GAME\Documents\GitHub\Waste\data\Organic\Organic\coffee_tea_bags\set-cup-of-tea-with-bag-bag-coffee-beans-coffee-vector-46052070.jpg
1000_F_303302310_FaotLOxeKozxXv11SZlhdiP30DhhTOIZ.jpg,coffee_tea_bags,train,C:\Users\GAME\Documents\GitHub\Waste\data\Organic\Organic\coffee_tea_bags\1000_F_303302310_FaotLOxeKozxXv11SZlhdiP30DhhTOIZ.jpg
Green-Zipper-15-Tea-Bags-500x500.png,coffee_tea_bags,train,C:\Users\GAME\Documents\GitHub\Waste\data\Organic\Organic\coffee_tea_bags\Green-Zipper-15-Tea-Bags-500x500.png
MP000000016744408_658Wx734H_202303032000391.jpeg,coffee_tea_bags,train,C:\Users\GAME\Documents\GitHub\Waste\data\Organic\Organic\coffee_tea_bags\MP000000016744408_658Wx734H_202303032000391.jpeg
8906088701667_2_533x.png,coffee_tea_bags,train,C:\Users\GAME\Documents\GitHub\Waste\data\Organic\Organic\coffee_tea_bags\8906088701667_2_533x.png
premiumcoffe.jpg,coffee_tea_bags,train,C:\Users\GAME\Documents\GitHub\Waste\data\Organic\Organic\coffee_tea_bags\premiumcoffe.jpg
61N5Zw-CwkL._AC_UF10001000_QL80_.jpg,coffee_tea_bags,train,C:\Users\GAME\Documents\GitHub\Waste\data\Organic\Organic\coffee_tea_bags\61N5Zw-CwkL._AC_UF10001000_QL80_.jpg
green-tea-for-weight-loss-8.jpg,coffee_tea_bags,train,C:\Users\GAME\Documents\GitHub\Waste\data\Organic\Organic\coffee_tea_bags\green-tea-for-weight-loss-8.jpg
Coffee-and-tea-bags_Shutterstock_Jouke-van-Keulen.jpg,coffee_tea_bags,train,C:\Users\GAME\Documents\GitHub\Waste\data\Organic\Organic\coffee_tea_bags\Coffee-and-tea-bags_Shutterstock_Jouke-van-Keulen.jpg
pices-in-glass-armudu-with-coffee-beans-and-sugar-on-dark-background-2EW6TH7.jpg,coffee_tea_bags,train,C:\Users\GAME\Documents\GitHub\Waste\data\Organic\Organic\coffee_tea_bags\pices-in-glass-armudu-with-coffee-beans-and-sugar-on-dark-background-2EW6TH7.jpg
ted-ground-coffee-beans-product-images-orvj6ewaogu-p602294106-1-202306100653.jpg,coffee_tea_bags,train,C:\Users\GAME\Documents\GitHub\Waste\data\Organic\Organic\coffee_tea_bags\ted-ground-coffee-beans-product-images-orvj6ewaogu-p602294106-1-202306100653.jpg
FUR.TEA.47739945_1672739470040.webp,coffee_tea_bags,train,C:\Users\GAME\Documents\GitHub\Waste\data\Organic\Organic\coffee_tea_bags\FUR.TEA.47739945_1672739470040.webp
coffe-1.jpg.webp,coffee_tea_bags,train,C:\Users\GAME\Documents\GitHub\Waste\data\Organic\Organic\coffee_tea_bags\coffe-1.jpg.webp
WildlandCoffee-2.jpg,coffee_tea_bags,train,C:\Users\GAME\Documents\GitHub\Waste\data\Organic\Organic\coffee_tea_bags\WildlandCoffee-2.jpg
154947875.wildland.packaging.png,coffee_tea_bags,train,C:\Users\GAME\Documents\GitHub\Waste\data\Organic\Organic\coffee_tea_bags\154947875.wildland.packaging.png
Woman-Cooking-Onions-478x308.jpg,coffee_tea_bags,train,C:\Users\GAME\Documents\GitHub\Waste\data\Organic\Organic\coffee_tea_bags\Woman-Cooking-Onions-478x308.jpg
Types-Of-Coffee-Packaging.jpg,coffee_tea_bags,train,C:\Users\GAME\Documents\GitHub\Waste\data\Organic\Organic\coffee_tea_bags\Types-Of-Coffee-Packaging.jpg
l-against-white-background-concept-composting-eco-friendly-recycling-2BEXG0J.jpg,coffee_tea_bags,train,C:\Users\GAME\Documents\GitHub\Waste\data\Organic\Organic\coffee_tea_bags\l-against-white-background-concept-composting-eco-friendly-recycling-2BEXG0J.jpg
tea-5174668_1280-e1619903116935.jpg,coffee_tea_bags,train,C:\Users\GAME\Documents\GitHub\Waste\data\Organic\Organic\coffee_tea_bags\tea-5174668_1280-e1619903116935.jpg
71VjiXtBQ4L._AC_UF8941000_QL80_.jpg,coffee_tea_bags,train,C:\Users\GAME\Documents\GitHub\Waste\data\Organic\Organic\coffee_tea_bags\71VjiXtBQ4L._AC_UF8941000_QL80_.jpg
640px-TEDxAMS2011_044.JPG.jpg,coffee_tea_bags,train,C:\Users\GAME\Documents\GitHub\Waste\data\Organic\Organic\coffee_tea_bags\640px-TEDxAMS2011_044.JPG.jpg
big_coffee_indian_style_instant_coffee-16457.jpg,coffee_tea_bags,train,C:\Users\GAME\Documents\GitHub\Waste\data\Organic\Organic\coffee_tea_bags\big_coffee_indian_style_instant_coffee-16457.jpg
coffee-grounds-and-tea-bags.png,coffee_tea_bags,train,C:\Users\GAME\Documents\GitHub\Waste\data\Organic\Organic\coffee_tea_bags\coffee-grounds-and-tea-bags.png
71zKEKtQfL.jpg,coffee_tea_bags,train,C:\Users\GAME\Documents\GitHub\Waste\data\Organic\Organic\coffee_tea_bags\71zKEKtQfL.jpg
5_327d531b-bc9d-43a7-b3b9-2db3c568ae2a_480x480.png,coffee_tea_bags,train,C:\Users\GAME\Documents\GitHub\Waste\data\Organic\Organic\coffee_tea_bags\5_327d531b-bc9d-43a7-b3b9-2db3c568ae2a_480x480.png
creme-brulee-coffee-12oz-ground_900x.jpg,coffee_tea_bags,train,C:\Users\GAME\Documents\GitHub\Waste\data\Organic\Organic\coffee_tea_bags\creme-brulee-coffee-12oz-ground_900x.jpg
green-bin-coffee-tea-bags-1500x1917px.jpg,coffee_tea_bags,train,C:\Users\GAME\Documents\GitHub\Waste\data\Organic\Organic\coffee_tea_bags\green-bin-coffee-tea-bags-1500x1917px.jpg
Teabags20and20coffee20filter20with20ground20coffee.jpeg,coffee_tea_bags,train,C:\Users\GAME\Documents\GitHub\Waste\data\Organic\Organic\coffee_tea_bags\Teabags20and20coffee20filter20with20ground20coffee.jpeg
Hugo-Coffee-Tea-bags.jpeg,coffee_tea_bags,train,C:\Users\GAME\Documents\GitHub\Waste\data\Organic\Organic\coffee_tea_bags\Hugo-Coffee-Tea-bags.jpeg
1_3__2.jpg,coffee_tea_bags,train,C:\Users\GAME\Documents\GitHub\Waste\data\Organic\Organic\coffee_tea_bags\1_3__2.jpg
stock-photo-three-tea-bags-lie-on-a-background-of-coffee-beans-2135663021.jpg,coffee_tea_bags,train,C:\Users\GAME\Documents\GitHub\Waste\data\Organic\Organic\coffee_tea_bags\stock-photo-three-tea-bags-lie-on-a-background-of-coffee-beans-2135663021.jpg
1000_F_607272060_auiUJOv4BIAP91ux7qJz74i3JAKbLegc.jpg,coffee_tea_bags,train,C:\Users\GAME\Documents\GitHub\Waste\data\Organic\Organic\coffee_tea_bags\1000_F_607272060_auiUJOv4BIAP91ux7qJz74i3JAKbLegc.jpg
Maplenut-Large.png,coffee_tea_bags,train,C:\Users\GAME\Documents\GitHub\Waste\data\Organic\Organic\coffee_tea_bags\Maplenut-Large.png
71KmHGsjAQL.jpg,coffee_tea_bags,train,C:\Users\GAME\Documents\GitHub\Waste\data\Organic\Organic\coffee_tea_bags\71KmHGsjAQL.jpg
composting-teabag.jpg,coffee_tea_bags,train,C:\Users\GAME\Documents\GitHub\Waste\data\Organic\Organic\coffee_tea_bags\composting-teabag.jpg
set-isometric-line-coffee-beans-cup-tea-with-bag-vector-46606594.jpg,coffee_tea_bags,train,C:\Users\GAME\Documents\GitHub\Waste\data\Organic\Organic\coffee_tea_bags\set-isometric-line-coffee-beans-cup-tea-with-bag-vector-46606594.jpg
depositphotos_6522878-stock-photo-coffee-beans-pads-and-tea.jpg,coffee_tea_bags,train,C:\Users\GAME\Documents\GitHub\Waste\data\Organic\Organic\coffee_tea_bags\depositphotos_6522878-stock-photo-coffee-beans-pads-and-tea.jpg
RealCoffeeBag-2-1024x768.jpg,coffee_tea_bags,train,C:\Users\GAME\Documents\GitHub\Waste\data\Organic\Organic\coffee_tea_bags\RealCoffeeBag-2-1024x768.jpg
Green-Coffee-Green-Tea-Bags-SDL352859297-1-9e4d7.png,coffee_tea_bags,train,C:\Users\GAME\Documents\GitHub\Waste\data\Organic\Organic\coffee_tea_bags\Green-Coffee-Green-Tea-Bags-SDL352859297-1-9e4d7.png
beans.png,coffee_tea_bags,train,C:\Users\GAME\Documents\GitHub\Waste\data\Organic\Organic\coffee_tea_bags\beans.png
1-elaichi-tea-blended-with-100-natural-ground-1kg-1-pouch-original-imagpgyq39ssnd4s.jpeg,coffee_tea_bags,train,C:\Users\GAME\Documents\GitHub\Waste\data\Organic\Organic\coffee_tea_bags\1-elaichi-tea-blended-with-100-natural-ground-1kg-1-pouch-original-imagpgyq39ssnd4s.jpeg
p-glass-jars-with-tea-bags-and-paper-bags-with-coffee-beans-on-shelves-toned.jpg,coffee_tea_bags,train,C:\Users\GAME\Documents\GitHub\Waste\data\Organic\Organic\coffee_tea_bags\p-glass-jars-with-tea-bags-and-paper-bags-with-coffee-beans-on-shelves-toned.jpg
tea-bags-ready-for-despatch-india-AR828D.jpg,coffee_tea_bags,train,C:\Users\GAME\Documents\GitHub\Waste\data\Organic\Organic\coffee_tea_bags\tea-bags-ready-for-despatch-india-AR828D.jpg
Progetto-senza-titolo.jpg,coffee_tea_bags,train,C:\Users\GAME\Documents\GitHub\Waste\data\Organic\Organic\coffee_tea_bags\Progetto-senza-titolo.jpg
il_570xN.2192109093_s5rf.jpg,coffee_tea_bags,train,C:\Users\GAME\Documents\GitHub\Waste\data\Organic\Organic\coffee_tea_bags\il_570xN.2192109093_s5rf.jpg
e-beans-freshly-roasted-product-images-orvzzb1wjpv-p596853334-0-202307051943.jpg,coffee_tea_bags,train,C:\Users\GAME\Documents\GitHub\Waste\data\Organic\Organic\coffee_tea_bags\e-beans-freshly-roasted-product-images-orvzzb1wjpv-p596853334-0-202307051943.jpg
S7e1e604f3d034f399a52858e8be639dfQ.jpg,coffee_tea_bags,train,C:\Users\GAME\Documents\GitHub\Waste\data\Organic\Organic\coffee_tea_bags\S7e1e604f3d034f399a52858e8be639dfQ.jpg
coffee-grounds.jpg,coffee_tea_bags,train,C:\Users\GAME\Documents\GitHub\Waste\data\Organic\Organic\coffee_tea_bags\coffee-grounds.jpg
png-transparent-instant-coffee-espresso-coffee-bag-tea-bag-coffee-food-tea-coffee.png,coffee_tea_bags,train,C:\Users\GAME\Documents\GitHub\Waste\data\Organic\Organic\coffee_tea_bags\png-transparent-instant-coffee-espresso-coffee-bag-tea-bag-coffee-food-tea-coffee.png
71KmHGsjAQL._AC_UF10001000_QL80_.jpg,coffee_tea_bags,train,C:\Users\GAME\Documents\GitHub\Waste\data\Organic\Organic\coffee_tea_bags\71KmHGsjAQL._AC_UF10001000_QL80_.jpg
IMG_20210615_140202_1_99c77e7f-6033-43bd-b5d6-bac37c2cb86b_1024x.jpg,coffee_tea_bags,train,C:\Users\GAME\Documents\GitHub\Waste\data\Organic\Organic\coffee_tea_bags\IMG_20210615_140202_1_99c77e7f-6033-43bd-b5d6-bac37c2cb86b_1024x.jpg
6_e1bf33f9-cb52-45ad-a2e4-8ff8b2f6dd6d_1800x.jpg,coffee_tea_bags,train,C:\Users\GAME\Documents\GitHub\Waste\data\Organic\Organic\coffee_tea_bags\6_e1bf33f9-cb52-45ad-a2e4-8ff8b2f6dd6d_1800x.jpg
Cool20facts20about20Tea2028629.jpg,coffee_tea_bags,train,C:\Users\GAME\Documents\GitHub\Waste\data\Organic\Organic\coffee_tea_bags\Cool20facts20about20Tea2028629.jpg
th-coffee-beans-top-view-with-shadow-isolated-on-white-background-1839213553.jpg,coffee_tea_bags,train,C:\Users\GAME\Documents\GitHub\Waste\data\Organic\Organic\coffee_tea_bags\th-coffee-beans-top-view-with-shadow-isolated-on-white-background-1839213553.jpg
27r-used-coffee-grounds-1024x600.webp,coffee_tea_bags,train,C:\Users\GAME\Documents\GitHub\Waste\data\Organic\Organic\coffee_tea_bags\27r-used-coffee-grounds-1024x600.webp
coffee-beans-leaf-tea-packed-paper-bag-storage-mockup-white-tag-logo_616001-3365.jpg,coffee_tea_bags,train,C:\Users\GAME\Documents\GitHub\Waste\data\Organic\Organic\coffee_tea_bags\coffee-beans-leaf-tea-packed-paper-bag-storage-mockup-white-tag-logo_616001-3365.jpg
gardening_website_350x2x.jpg,coffee_tea_bags,train,C:\Users\GAME\Documents\GitHub\Waste\data\Organic\Organic\coffee_tea_bags\gardening_website_350x2x.jpg
CoffeeBeans_1024x.jpg,coffee_tea_bags,train,C:\Users\GAME\Documents\GitHub\Waste\data\Organic\Organic\coffee_tea_bags\CoffeeBeans_1024x.jpg
coffee-and-tea-picture_csp1572201.jpg,coffee_tea_bags,train,C:\Users\GAME\Documents\GitHub\Waste\data\Organic\Organic\coffee_tea_bags\coffee-and-tea-picture_csp1572201.jpg
81T4CniZrgL._AC_UF10001000_QL80_.jpg,coffee_tea_bags,train,C:\Users\GAME\Documents\GitHub\Waste\data\Organic\Organic\coffee_tea_bags\81T4CniZrgL._AC_UF10001000_QL80_.jpg
PS_ImmunityBoost_Pack-MockUp-with-Teabag_FRONT_600x.png,coffee_tea_bags,train,C:\Users\GAME\Documents\GitHub\Waste\data\Organic\Organic\coffee_tea_bags\PS_ImmunityBoost_Pack-MockUp-with-Teabag_FRONT_600x.png
coffee_tea_bags.jpg,coffee_tea_bags,train,C:\Users\GAME\Documents\GitHub\Waste\data\Organic\Organic\coffee_tea_bags\coffee_tea_bags.jpg
Kilimanjaro-Tanzania-Roasted-Coffee-Beans-_2_1200x.jpg,coffee_tea_bags,train,C:\Users\GAME\Documents\GitHub\Waste\data\Organic\Organic\coffee_tea_bags\Kilimanjaro-Tanzania-Roasted-Coffee-Beans-_2_1200x.jpg
239869-coffee.webp,coffee_tea_bags,train,C:\Users\GAME\Documents\GitHub\Waste\data\Organic\Organic\coffee_tea_bags\239869-coffee.webp
sted-Coffee-Bean-Tea-Bags-for-400g-500g-1kg-Stand-up-Mylar-Zip-Lock-Pouches.webp,coffee_tea_bags,train,C:\Users\GAME\Documents\GitHub\Waste\data\Organic\Organic\coffee_tea_bags\sted-Coffee-Bean-Tea-Bags-for-400g-500g-1kg-Stand-up-Mylar-Zip-Lock-Pouches.webp
2013-03-05-08.51.26.png,coffee_tea_bags,train,C:\Users\GAME\Documents\GitHub\Waste\data\Organic\Organic\coffee_tea_bags\2013-03-05-08.51.26.png
Green-Coffee.jpg,coffee_tea_bags,train,C:\Users\GAME\Documents\GitHub\Waste\data\Organic\Organic\coffee_tea_bags\Green-Coffee.jpg
cup-coffee-coffee-beans_164008-356.jpg,coffee_tea_bags,train,C:\Users\GAME\Documents\GitHub\Waste\data\Organic\Organic\coffee_tea_bags\cup-coffee-coffee-beans_164008-356.jpg
100-garcinia-cinnamon-arabica-green-coffee-coffee-beans-box-original-imagfyuvbhn6jghf.jpeg,coffee_tea_bags,train,C:\Users\GAME\Documents\GitHub\Waste\data\Organic\Organic\coffee_tea_bags\100-garcinia-cinnamon-arabica-green-coffee-coffee-beans-box-original-imagfyuvbhn6jghf.jpeg
coffee-beans-tea-leaves-storage-beans.jpg,coffee_tea_bags,train,C:\Users\GAME\Documents\GitHub\Waste\data\Organic\Organic\coffee_tea_bags\coffee-beans-tea-leaves-storage-beans.jpg
Coffee_TeaBags_RGB_2.jpg,coffee_tea_bags,train,C:\Users\GAME\Documents\GitHub\Waste\data\Organic\Organic\coffee_tea_bags\Coffee_TeaBags_RGB_2.jpg
3_d72a8c69-d0f8-4ace-9ca1-792ed274da2e_1024x.png,coffee_tea_bags,train,C:\Users\GAME\Documents\GitHub\Waste\data\Organic\Organic\coffee_tea_bags\3_d72a8c69-d0f8-4ace-9ca1-792ed274da2e_1024x.png
Naivo-Craft-Coffee-With-Coffee-Brewing-Equipment.jpg,coffee_tea_bags,train,C:\Users\GAME\Documents\GitHub\Waste\data\Organic\Organic\coffee_tea_bags\Naivo-Craft-Coffee-With-Coffee-Brewing-Equipment.jpg
south-indian-filter-coffee-served-traditional-tumbler-cup-roasted-raw-beans_466689-88216.jpg,coffee_tea_bags,train,C:\Users\GAME\Documents\GitHub\Waste\data\Organic\Organic\coffee_tea_bags\south-indian-filter-coffee-served-traditional-tumbler-cup-roasted-raw-beans_466689-88216.jpg
1JqctqHKmoMeugSMxsSKhpg.png,coffee_tea_bags,train,C:\Users\GAME\Documents\GitHub\Waste\data\Organic\Organic\coffee_tea_bags\1JqctqHKmoMeugSMxsSKhpg.png
tea-morning-green-yellow.jpg,coffee_tea_bags,train,C:\Users\GAME\Documents\GitHub\Waste\data\Organic\Organic\coffee_tea_bags\tea-morning-green-yellow.jpg
GlobalSeriesLiquidCoffeeBrews-ArabicCardamom-TrialImage_1200x1200.jpg,coffee_tea_bags,train,C:\Users\GAME\Documents\GitHub\Waste\data\Organic\Organic\coffee_tea_bags\GlobalSeriesLiquidCoffeeBrews-ArabicCardamom-TrialImage_1200x1200.jpg
VksIbFlMs_orig_1080x1440_crop_center.jpg,coffee_tea_bags,train,C:\Users\GAME\Documents\GitHub\Waste\data\Organic\Organic\coffee_tea_bags\VksIbFlMs_orig_1080x1440_crop_center.jpg
moringa-dip-bags-500x500.jpg,coffee_tea_bags,train,C:\Users\GAME\Documents\GitHub\Waste\data\Organic\Organic\coffee_tea_bags\moringa-dip-bags-500x500.jpg
main-qimg-54e341d2fe11ce073c93be5f450cee44.webp,coffee_tea_bags,train,C:\Users\GAME\Documents\GitHub\Waste\data\Organic\Organic\coffee_tea_bags\main-qimg-54e341d2fe11ce073c93be5f450cee44.webp
Cinnamon_4_1080x.jpg,coffee_tea_bags,train,C:\Users\GAME\Documents\GitHub\Waste\data\Organic\Organic\coffee_tea_bags\Cinnamon_4_1080x.jpg
coffee-tea-bags.jpg,coffee_tea_bags,train,C:\Users\GAME\Documents\GitHub\Waste\data\Organic\Organic\coffee_tea_bags\coffee-tea-bags.jpg
Top-5-Coffee-Producing-States-In-India.png,coffee_tea_bags,train,C:\Users\GAME\Documents\GitHub\Waste\data\Organic\Organic\coffee_tea_bags\Top-5-Coffee-Producing-States-In-India.png
Green-Beans-Coffee-2.png,coffee_tea_bags,train,C:\Users\GAME\Documents\GitHub\Waste\data\Organic\Organic\coffee_tea_bags\Green-Beans-Coffee-2.png
Green-Coffee-Bags.jpg,coffee_tea_bags,train,C:\Users\GAME\Documents\GitHub\Waste\data\Organic\Organic\coffee_tea_bags\Green-Coffee-Bags.jpg
440-jaggery-hot-coffee-440gm-box-box-1-coffee-beans-foodia-original-imagmqtcjstu7ngm.jpeg,coffee_tea_bags,train,C:\Users\GAME\Documents\GitHub\Waste\data\Organic\Organic\coffee_tea_bags\440-jaggery-hot-coffee-440gm-box-box-1-coffee-beans-foodia-original-imagmqtcjstu7ngm.jpeg
tea-bags-and-coffee-beans-DE0A54.jpg,coffee_tea_bags,train,C:\Users\GAME\Documents\GitHub\Waste\data\Organic\Organic\coffee_tea_bags\tea-bags-and-coffee-beans-DE0A54.jpg
ee38ee68adac618a6aa7dd4be54ce525.jpg,coffee_tea_bags,train,C:\Users\GAME\Documents\GitHub\Waste\data\Organic\Organic\coffee_tea_bags\ee38ee68adac618a6aa7dd4be54ce525.jpg
tea-bag-recycling.jpg,coffee_tea_bags,train,C:\Users\GAME\Documents\GitHub\Waste\data\Organic\Organic\coffee_tea_bags\tea-bag-recycling.jpg
coffee-beans-near-sack-tea-set-box-sugar-sackcloth_23-2148180210.jpg,coffee_tea_bags,train,C:\Users\GAME\Documents\GitHub\Waste\data\Organic\Organic\coffee_tea_bags\coffee-beans-near-sack-tea-set-box-sugar-sackcloth_23-2148180210.jpg
11856-01-Roasted-Chicory-Root-Powder-250g-1.jpg,coffee_tea_bags,train,C:\Users\GAME\Documents\GitHub\Waste\data\Organic\Organic\coffee_tea_bags\11856-01-Roasted-Chicory-Root-Powder-250g-1.jpg
hd_panduranga_coffee_900x_afac79ed-a644-49e3-8145-f6b8f7caf3ad.jpg,coffee_tea_bags,train,C:\Users\GAME\Documents\GitHub\Waste\data\Organic\Organic\coffee_tea_bags\hd_panduranga_coffee_900x_afac79ed-a644-49e3-8145-f6b8f7caf3ad.jpg
easy-disposable-drip-bag-coffee-tea-bags-ground-173299335.jpg,coffee_tea_bags,train,C:\Users\GAME\Documents\GitHub\Waste\data\Organic\Organic\coffee_tea_bags\easy-disposable-drip-bag-coffee-tea-bags-ground-173299335.jpg
coffee-dip-bag.jpeg,coffee_tea_bags,train,C:\Users\GAME\Documents\GitHub\Waste\data\Organic\Organic\coffee_tea_bags\coffee-dip-bag.jpeg
zindagi_green_coffee_beans_400_gm_0.jpg,coffee_tea_bags,train,C:\Users\GAME\Documents\GitHub\Waste\data\Organic\Organic\coffee_tea_bags\zindagi_green_coffee_beans_400_gm_0.jpg
100-drip-coffee-bags-with-100-pure-arabica-coffee-powder-roast-original-imagbanvzakf9tcq.jpeg,coffee_tea_bags,train,C:\Users\GAME\Documents\GitHub\Waste\data\Organic\Organic\coffee_tea_bags\100-drip-coffee-bags-with-100-pure-arabica-coffee-powder-roast-original-imagbanvzakf9tcq.jpeg
63bcf2c160a1da17ec6c2e83-ubbi-disposable-diaper-sacks-lavender.jpg,diapers,train,C:\Users\GAME\Documents\GitHub\Waste\data\Non-Recyclable\Non-Recyclable\diapers\63bcf2c160a1da17ec6c2e83-ubbi-disposable-diaper-sacks-lavender.jpg
img-20220517-62834aa4b613d.png,diapers,train,C:\Users\GAME\Documents\GitHub\Waste\data\Non-Recyclable\Non-Recyclable\diapers\img-20220517-62834aa4b613d.png
nappies-environmental-impact-disposable-pollution-environment-soil-230432314.jpg,diapers,train,C:\Users\GAME\Documents\GitHub\Waste\data\Non-Recyclable\Non-Recyclable\diapers\nappies-environmental-impact-disposable-pollution-environment-soil-230432314.jpg
Dyper_lifestyle_Jan_2022-128.jpg,diapers,train,C:\Users\GAME\Documents\GitHub\Waste\data\Non-Recyclable\Non-Recyclable\diapers\Dyper_lifestyle_Jan_2022-128.jpg
1.jpg,diapers,train,C:\Users\GAME\Documents\GitHub\Waste\data\Non-Recyclable\Non-Recyclable\diapers\1.jpg
-garbage-pail-disposing-of-used-baby-nappies-environmental-impact-2084386903.jpg,diapers,train,C:\Users\GAME\Documents\GitHub\Waste\data\Non-Recyclable\Non-Recyclable\diapers\-garbage-pail-disposing-of-used-baby-nappies-environmental-impact-2084386903.jpg
intresting20fact20about20baby20diapers.jpeg,diapers,train,C:\Users\GAME\Documents\GitHub\Waste\data\Non-Recyclable\Non-Recyclable\diapers\intresting20fact20about20baby20diapers.jpeg
ental-impact-disposable-diapers-pollution-environment-soil-water_159975-1317.jpg,diapers,train,C:\Users\GAME\Documents\GitHub\Waste\data\Non-Recyclable\Non-Recyclable\diapers\ental-impact-disposable-diapers-pollution-environment-soil-water_159975-1317.jpg
diaper-composition_orig.png,diapers,train,C:\Users\GAME\Documents\GitHub\Waste\data\Non-Recyclable\Non-Recyclable\diapers\diaper-composition_orig.png
cloth-diapers-vs-disposable-2160x1200.jpg,diapers,train,C:\Users\GAME\Documents\GitHub\Waste\data\Non-Recyclable\Non-Recyclable\diapers\cloth-diapers-vs-disposable-2160x1200.jpg
less-plastic-nappy-sticker_diapers-v3.jpg,diapers,train,C:\Users\GAME\Documents\GitHub\Waste\data\Non-Recyclable\Non-Recyclable\diapers\less-plastic-nappy-sticker_diapers-v3.jpg
Depositphotos_456124904_S.jpg,diapers,train,C:\Users\GAME\Documents\GitHub\Waste\data\Non-Recyclable\Non-Recyclable\diapers\Depositphotos_456124904_S.jpg
three-nappies-2METKC6.jpg,diapers,train,C:\Users\GAME\Documents\GitHub\Waste\data\Non-Recyclable\Non-Recyclable\diapers\three-nappies-2METKC6.jpg
D_TopBanner_Catalog_IN.png,diapers,train,C:\Users\GAME\Documents\GitHub\Waste\data\Non-Recyclable\Non-Recyclable\diapers\D_TopBanner_Catalog_IN.png
05_5d6dfe6d-8164-49c4-951c-11cf82c8d19b.jpg,diapers,train,C:\Users\GAME\Documents\GitHub\Waste\data\Non-Recyclable\Non-Recyclable\diapers\05_5d6dfe6d-8164-49c4-951c-11cf82c8d19b.jpg
sed-baby-nappies-environmental-impact-disposable-diapers-pollution-217314562.jpg,diapers,train,C:\Users\GAME\Documents\GitHub\Waste\data\Non-Recyclable\Non-Recyclable\diapers\sed-baby-nappies-environmental-impact-disposable-diapers-pollution-217314562.jpg
Diapers4-01.png,diapers,train,C:\Users\GAME\Documents\GitHub\Waste\data\Non-Recyclable\Non-Recyclable\diapers\Diapers4-01.png
sevent-generation-sensitive-protection_4x3.jpg,diapers,train,C:\Users\GAME\Documents\GitHub\Waste\data\Non-Recyclable\Non-Recyclable\diapers\sevent-generation-sensitive-protection_4x3.jpg
cloth-vs-disposable-diaper-top-2x1-lowres1024-.jpg,diapers,train,C:\Users\GAME\Documents\GitHub\Waste\data\Non-Recyclable\Non-Recyclable\diapers\cloth-vs-disposable-diaper-top-2x1-lowres1024-.jpg
40229261_4-pampers-active-baby-diapers-new-born.jpg,diapers,train,C:\Users\GAME\Documents\GitHub\Waste\data\Non-Recyclable\Non-Recyclable\diapers\40229261_4-pampers-active-baby-diapers-new-born.jpg
74806254.jpg,diapers,train,C:\Users\GAME\Documents\GitHub\Waste\data\Non-Recyclable\Non-Recyclable\diapers\74806254.jpg
best-diapers-1553537708.png,diapers,train,C:\Users\GAME\Documents\GitHub\Waste\data\Non-Recyclable\Non-Recyclable\diapers\best-diapers-1553537708.png
cloth-vs-disposable-diapers-722x406.jpg,diapers,train,C:\Users\GAME\Documents\GitHub\Waste\data\Non-Recyclable\Non-Recyclable\diapers\cloth-vs-disposable-diapers-722x406.jpg
diaper-biodegradable-1567090472295.jpg,diapers,train,C:\Users\GAME\Documents\GitHub\Waste\data\Non-Recyclable\Non-Recyclable\diapers\diaper-biodegradable-1567090472295.jpg
Post_2_large.jpeg,diapers,train,C:\Users\GAME\Documents\GitHub\Waste\data\Non-Recyclable\Non-Recyclable\diapers\Post_2_large.jpeg
thumb_counties_agonise_ove5e18d060ba572.jpg,diapers,train,C:\Users\GAME\Documents\GitHub\Waste\data\Non-Recyclable\Non-Recyclable\diapers\thumb_counties_agonise_ove5e18d060ba572.jpg
image-asset.jpeg,diapers,train,C:\Users\GAME\Documents\GitHub\Waste\data\Non-Recyclable\Non-Recyclable\diapers\image-asset.jpeg
waste.jpg,diapers,train,C:\Users\GAME\Documents\GitHub\Waste\data\Non-Recyclable\Non-Recyclable\diapers\waste.jpg
30487_hd.jpg,diapers,train,C:\Users\GAME\Documents\GitHub\Waste\data\Non-Recyclable\Non-Recyclable\diapers\30487_hd.jpg
Representational-Image-only-3.jpg,diapers,train,C:\Users\GAME\Documents\GitHub\Waste\data\Non-Recyclable\Non-Recyclable\diapers\Representational-Image-only-3.jpg
429348994-baby-crawling-away-from-camera-wearing-disposable-diaper.jpg,diapers,train,C:\Users\GAME\Documents\GitHub\Waste\data\Non-Recyclable\Non-Recyclable\diapers\429348994-baby-crawling-away-from-camera-wearing-disposable-diaper.jpg
Screen_Shot_2023-01-26_at_5.07.55_PM_480x480.png,diapers,train,C:\Users\GAME\Documents\GitHub\Waste\data\Non-Recyclable\Non-Recyclable\diapers\Screen_Shot_2023-01-26_at_5.07.55_PM_480x480.png
pampers-new-baby-diapers-72-2-1632780542.jpg,diapers,train,C:\Users\GAME\Documents\GitHub\Waste\data\Non-Recyclable\Non-Recyclable\diapers\pampers-new-baby-diapers-72-2-1632780542.jpg
disposable-diaper-1.jpg,diapers,train,C:\Users\GAME\Documents\GitHub\Waste\data\Non-Recyclable\Non-Recyclable\diapers\disposable-diaper-1.jpg
pile-discarded-used-baby-diapers-footage-170531202_prevstill.jpeg,diapers,train,C:\Users\GAME\Documents\GitHub\Waste\data\Non-Recyclable\Non-Recyclable\diapers\pile-discarded-used-baby-diapers-footage-170531202_prevstill.jpeg
disposable-baby-diapers.jpg,diapers,train,C:\Users\GAME\Documents\GitHub\Waste\data\Non-Recyclable\Non-Recyclable\diapers\disposable-baby-diapers.jpg
file721vy4ur8j6z726o29i-1539625503.jpg,diapers,train,C:\Users\GAME\Documents\GitHub\Waste\data\Non-Recyclable\Non-Recyclable\diapers\file721vy4ur8j6z726o29i-1539625503.jpg
dirty-baby-diapers-trash-disposing-footage-180485037_prevstill.jpeg,diapers,train,C:\Users\GAME\Documents\GitHub\Waste\data\Non-Recyclable\Non-Recyclable\diapers\dirty-baby-diapers-trash-disposing-footage-180485037_prevstill.jpeg
63befce33e92406c3c1dac8a-diapers-size-4-144-count-pampers-pull.jpg,diapers,train,C:\Users\GAME\Documents\GitHub\Waste\data\Non-Recyclable\Non-Recyclable\diapers\63befce33e92406c3c1dac8a-diapers-size-4-144-count-pampers-pull.jpg
Baby2BWith2BDisposable2BDiapers.jpg,diapers,train,C:\Users\GAME\Documents\GitHub\Waste\data\Non-Recyclable\Non-Recyclable\diapers\Baby2BWith2BDisposable2BDiapers.jpg
IMG_9256.jpg,diapers,train,C:\Users\GAME\Documents\GitHub\Waste\data\Non-Recyclable\Non-Recyclable\diapers\IMG_9256.jpg
Unguarded-disposal-of-soiled-disposable-diapers-in-vacant-plots-27_Q320.jpg,diapers,train,C:\Users\GAME\Documents\GitHub\Waste\data\Non-Recyclable\Non-Recyclable\diapers\Unguarded-disposal-of-soiled-disposable-diapers-in-vacant-plots-27_Q320.jpg
Unguarded-disposal-of-soiled-disposable-diapers-in-land-depressions-26_Q320.jpg,diapers,train,C:\Users\GAME\Documents\GitHub\Waste\data\Non-Recyclable\Non-Recyclable\diapers\Unguarded-disposal-of-soiled-disposable-diapers-in-land-depressions-26_Q320.jpg
MHSOLIDDIPRMIXP3-2_600x.jpg,diapers,train,C:\Users\GAME\Documents\GitHub\Waste\data\Non-Recyclable\Non-Recyclable\diapers\MHSOLIDDIPRMIXP3-2_600x.jpg
3-Figure3-1.png,diapers,train,C:\Users\GAME\Documents\GitHub\Waste\data\Non-Recyclable\Non-Recyclable\diapers\3-Figure3-1.png
71vU85MMO7L._AC_UF8941000_QL80_.jpg,diapers,train,C:\Users\GAME\Documents\GitHub\Waste\data\Non-Recyclable\Non-Recyclable\diapers\71vU85MMO7L._AC_UF8941000_QL80_.jpg
61VUeyU0dbL._AC_UF8941000_QL80_.jpg,diapers,train,C:\Users\GAME\Documents\GitHub\Waste\data\Non-Recyclable\Non-Recyclable\diapers\61VUeyU0dbL._AC_UF8941000_QL80_.jpg
ZbAzUBfb1th1EGMXQqMRogPdjRRfwc8q7VCHQsjz.jpg,diapers,train,C:\Users\GAME\Documents\GitHub\Waste\data\Non-Recyclable\Non-Recyclable\diapers\ZbAzUBfb1th1EGMXQqMRogPdjRRfwc8q7VCHQsjz.jpg
10586_1-Front.jpg,diapers,train,C:\Users\GAME\Documents\GitHub\Waste\data\Non-Recyclable\Non-Recyclable\diapers\10586_1-Front.jpg
cloth-diapers-vs-disposable-diapers-comparison.jpg,diapers,train,C:\Users\GAME\Documents\GitHub\Waste\data\Non-Recyclable\Non-Recyclable\diapers\cloth-diapers-vs-disposable-diapers-comparison.jpg
February-Do-Good.jpg,diapers,train,C:\Users\GAME\Documents\GitHub\Waste\data\Non-Recyclable\Non-Recyclable\diapers\February-Do-Good.jpg
8b7d1c_7de73bd317284b49b0872afa1aa3632emv2.png,diapers,train,C:\Users\GAME\Documents\GitHub\Waste\data\Non-Recyclable\Non-Recyclable\diapers\8b7d1c_7de73bd317284b49b0872afa1aa3632emv2.png
530157_25636_XL.jpg,diapers,train,C:\Users\GAME\Documents\GitHub\Waste\data\Non-Recyclable\Non-Recyclable\diapers\530157_25636_XL.jpg
s-environmental-impact-disposable-pollution-environment-soil-water-235596044.jpg,diapers,train,C:\Users\GAME\Documents\GitHub\Waste\data\Non-Recyclable\Non-Recyclable\diapers\s-environmental-impact-disposable-pollution-environment-soil-water-235596044.jpg
71rjWQFJhL._AC_UF8941000_QL80_.jpg,diapers,train,C:\Users\GAME\Documents\GitHub\Waste\data\Non-Recyclable\Non-Recyclable\diapers\71rjWQFJhL._AC_UF8941000_QL80_.jpg
405434435.jpg,diapers,train,C:\Users\GAME\Documents\GitHub\Waste\data\Non-Recyclable\Non-Recyclable\diapers\405434435.jpg
IMG_9257.jpg,diapers,train,C:\Users\GAME\Documents\GitHub\Waste\data\Non-Recyclable\Non-Recyclable\diapers\IMG_9257.jpg
pies-environmental-impact-disposable-diapers-pollution-environment-235596045.jpg,diapers,train,C:\Users\GAME\Documents\GitHub\Waste\data\Non-Recyclable\Non-Recyclable\diapers\pies-environmental-impact-disposable-diapers-pollution-environment-235596045.jpg
elle.rue.jpg,diapers,train,C:\Users\GAME\Documents\GitHub\Waste\data\Non-Recyclable\Non-Recyclable\diapers\elle.rue.jpg
bigstock-Group-Of-Disposable-Diapers-Ar-296238739.jpg,diapers,train,C:\Users\GAME\Documents\GitHub\Waste\data\Non-Recyclable\Non-Recyclable\diapers\bigstock-Group-Of-Disposable-Diapers-Ar-296238739.jpg
4e2a79e2666c--baby-bum-music-a04902.png,diapers,train,C:\Users\GAME\Documents\GitHub\Waste\data\Non-Recyclable\Non-Recyclable\diapers\4e2a79e2666c--baby-bum-music-a04902.png
dirty-and-soiled-baby-babys-disposable-nappies-discarded-thrown-away-G0KRA6.jpg,diapers,train,C:\Users\GAME\Documents\GitHub\Waste\data\Non-Recyclable\Non-Recyclable\diapers\dirty-and-soiled-baby-babys-disposable-nappies-discarded-thrown-away-G0KRA6.jpg
-baby-nappies-diapers-waste-dirty-diapers-trash-bag-disposing-used-239559297.jpg,diapers,train,C:\Users\GAME\Documents\GitHub\Waste\data\Non-Recyclable\Non-Recyclable\diapers\-baby-nappies-diapers-waste-dirty-diapers-trash-bag-disposing-used-239559297.jpg
78a62dd24472a69bddf67cc48cfdcf31.jpg,diapers,train,C:\Users\GAME\Documents\GitHub\Waste\data\Non-Recyclable\Non-Recyclable\diapers\78a62dd24472a69bddf67cc48cfdcf31.jpg
DiaperNCloth-scaled.jpg,diapers,train,C:\Users\GAME\Documents\GitHub\Waste\data\Non-Recyclable\Non-Recyclable\diapers\DiaperNCloth-scaled.jpg
pampers-disposable-baby-diapers-500x500.jpg,diapers,train,C:\Users\GAME\Documents\GitHub\Waste\data\Non-Recyclable\Non-Recyclable\diapers\pampers-disposable-baby-diapers-500x500.jpg
IMG_20180626_083543.jpg,diapers,train,C:\Users\GAME\Documents\GitHub\Waste\data\Non-Recyclable\Non-Recyclable\diapers\IMG_20180626_083543.jpg
s_Matching_Tees_with_hybrid_cloth_diaper_covers_online_with_100_cotton_fabri.png,diapers,train,C:\Users\GAME\Documents\GitHub\Waste\data\Non-Recyclable\Non-Recyclable\diapers\s_Matching_Tees_with_hybrid_cloth_diaper_covers_online_with_100_cotton_fabri.png
Percentage-of-diapers-in-urban-solid-waste-in-some-countries-in-North-America-Europe-and.png,diapers,train,C:\Users\GAME\Documents\GitHub\Waste\data\Non-Recyclable\Non-Recyclable\diapers\Percentage-of-diapers-in-urban-solid-waste-in-some-countries-in-North-America-Europe-and.png
p-view-of-used-disposable-diapers-extracted-from-the-parana-river-2306692315.jpg,diapers,train,C:\Users\GAME\Documents\GitHub\Waste\data\Non-Recyclable\Non-Recyclable\diapers\p-view-of-used-disposable-diapers-extracted-from-the-parana-river-2306692315.jpg
13-Best-Baby-Diapers-In-India-In-2023.jpg,diapers,train,C:\Users\GAME\Documents\GitHub\Waste\data\Non-Recyclable\Non-Recyclable\diapers\13-Best-Baby-Diapers-In-India-In-2023.jpg
7.jpg,diapers,train,C:\Users\GAME\Documents\GitHub\Waste\data\Non-Recyclable\Non-Recyclable\diapers\7.jpg
file-20190704-126340-13f38tz.jpg,diapers,train,C:\Users\GAME\Documents\GitHub\Waste\data\Non-Recyclable\Non-Recyclable\diapers\file-20190704-126340-13f38tz.jpg
nappies-pink-background-sustainable-lifestyle-zero-waste-concept_479776-4385.jpg,diapers,train,C:\Users\GAME\Documents\GitHub\Waste\data\Non-Recyclable\Non-Recyclable\diapers\nappies-pink-background-sustainable-lifestyle-zero-waste-concept_479776-4385.jpg
100444583_8-pampers-active-baby-diapers-small-3-8-kg.jpg,diapers,train,C:\Users\GAME\Documents\GitHub\Waste\data\Non-Recyclable\Non-Recyclable\diapers\100444583_8-pampers-active-baby-diapers-small-3-8-kg.jpg
nappies-environmental-impact-disposable-pollution-environment-soil-230573896.jpg,diapers,train,C:\Users\GAME\Documents\GitHub\Waste\data\Non-Recyclable\Non-Recyclable\diapers\nappies-environmental-impact-disposable-pollution-environment-soil-230573896.jpg
baby_in_diaper_crib-1296x728-header.jpg,diapers,train,C:\Users\GAME\Documents\GitHub\Waste\data\Non-Recyclable\Non-Recyclable\diapers\baby_in_diaper_crib-1296x728-header.jpg
baby-diapers2.jpg,diapers,train,C:\Users\GAME\Documents\GitHub\Waste\data\Non-Recyclable\Non-Recyclable\diapers\baby-diapers2.jpg
Disposable-Diapers-take-300-years-to-decomposeand-account-for-15-of-landfill-waste..jpg,diapers,train,C:\Users\GAME\Documents\GitHub\Waste\data\Non-Recyclable\Non-Recyclable\diapers\Disposable-Diapers-take-300-years-to-decomposeand-account-for-15-of-landfill-waste..jpg
Pampers-All-round-Protection-Pants-Large-Size-Baby-Diapers-42-Count.jpg,diapers,train,C:\Users\GAME\Documents\GitHub\Waste\data\Non-Recyclable\Non-Recyclable\diapers\Pampers-All-round-Protection-Pants-Large-Size-Baby-Diapers-42-Count.jpg
nge-color-background-newborn-diapers-open-and-closed-flat-lay-top-1904719375.jpg,diapers,train,C:\Users\GAME\Documents\GitHub\Waste\data\Non-Recyclable\Non-Recyclable\diapers\nge-color-background-newborn-diapers-open-and-closed-flat-lay-top-1904719375.jpg
disposable-diapers-to-take-care-hygiene-babies-168544880.jpg,diapers,train,C:\Users\GAME\Documents\GitHub\Waste\data\Non-Recyclable\Non-Recyclable\diapers\disposable-diapers-to-take-care-hygiene-babies-168544880.jpg
1200px-Disposablediaper.JPG.jpg,diapers,train,C:\Users\GAME\Documents\GitHub\Waste\data\Non-Recyclable\Non-Recyclable\diapers\1200px-Disposablediaper.JPG.jpg
71iSOngBHsL._AC_UF10001000_QL80_.jpg,diapers,train,C:\Users\GAME\Documents\GitHub\Waste\data\Non-Recyclable\Non-Recyclable\diapers\71iSOngBHsL._AC_UF10001000_QL80_.jpg
392089940-melons_550x550.jpg,diapers,train,C:\Users\GAME\Documents\GitHub\Waste\data\Non-Recyclable\Non-Recyclable\diapers\392089940-melons_550x550.jpg
sustainability-10-00773-g001.png,diapers,train,C:\Users\GAME\Documents\GitHub\Waste\data\Non-Recyclable\Non-Recyclable\diapers\sustainability-10-00773-g001.png
huggies-diapers.jpg,diapers,train,C:\Users\GAME\Documents\GitHub\Waste\data\Non-Recyclable\Non-Recyclable\diapers\huggies-diapers.jpg
e-of-garbage-from-food-waste-cans-and-plastic-bottles-and-plastic-1201361770.jpg,diapers,train,C:\Users\GAME\Documents\GitHub\Waste\data\Non-Recyclable\Non-Recyclable\diapers\e-of-garbage-from-food-waste-cans-and-plastic-bottles-and-plastic-1201361770.jpg
Untitled-5-2.jpg,diapers,train,C:\Users\GAME\Documents\GitHub\Waste\data\Non-Recyclable\Non-Recyclable\diapers\Untitled-5-2.jpg
baby-diaper.jpg,diapers,train,C:\Users\GAME\Documents\GitHub\Waste\data\Non-Recyclable\Non-Recyclable\diapers\baby-diaper.jpg
sable-Diapers-for-Babies-Toddlers-and-the-Environment-1296x728-Header_ecafa7.jpg,diapers,train,C:\Users\GAME\Documents\GitHub\Waste\data\Non-Recyclable\Non-Recyclable\diapers\sable-Diapers-for-Babies-Toddlers-and-the-Environment-1296x728-Header_ecafa7.jpg
image8-1638302456823_1200x.jpg,diapers,train,C:\Users\GAME\Documents\GitHub\Waste\data\Non-Recyclable\Non-Recyclable\diapers\image8-1638302456823_1200x.jpg
Coterie-diapers-group-shot.jpg,diapers,train,C:\Users\GAME\Documents\GitHub\Waste\data\Non-Recyclable\Non-Recyclable\diapers\Coterie-diapers-group-shot.jpg
51.jpg,diapers,train,C:\Users\GAME\Documents\GitHub\Waste\data\Non-Recyclable\Non-Recyclable\diapers\51.jpg
disposable-diapers-in-garbage.jpg,diapers,train,C:\Users\GAME\Documents\GitHub\Waste\data\Non-Recyclable\Non-Recyclable\diapers\disposable-diapers-in-garbage.jpg
12B252812529.jpg,diapers,train,C:\Users\GAME\Documents\GitHub\Waste\data\Non-Recyclable\Non-Recyclable\diapers\12B252812529.jpg
HNCH4010_Disposal-Diaper-Test-Package.png,diapers,train,C:\Users\GAME\Documents\GitHub\Waste\data\Non-Recyclable\Non-Recyclable\diapers\HNCH4010_Disposal-Diaper-Test-Package.png
UNDP-SZ-Disposable-Diapers-2021.jpg,diapers,train,C:\Users\GAME\Documents\GitHub\Waste\data\Non-Recyclable\Non-Recyclable\diapers\UNDP-SZ-Disposable-Diapers-2021.jpg
20003932-2_4-pampers-baby-dry-small-11-diapers.jpg,diapers,train,C:\Users\GAME\Documents\GitHub\Waste\data\Non-Recyclable\Non-Recyclable\diapers\20003932-2_4-pampers-baby-dry-small-11-diapers.jpg
61dJIigpYOL.jpg,diapers,train,C:\Users\GAME\Documents\GitHub\Waste\data\Non-Recyclable\Non-Recyclable\diapers\61dJIigpYOL.jpg
37494-500x500.jpg,diapers,train,C:\Users\GAME\Documents\GitHub\Waste\data\Non-Recyclable\Non-Recyclable\diapers\37494-500x500.jpg
en-img-education-thumb-01-mb.jpg,diapers,train,C:\Users\GAME\Documents\GitHub\Waste\data\Non-Recyclable\Non-Recyclable\diapers\en-img-education-thumb-01-mb.jpg
640339-50P_PRO - Copy.jpg,e-waste,train,C:\Users\GAME\Documents\GitHub\Waste\data\Hazardous\Hazardous\e-waste\640339-50P_PRO - Copy.jpg
01-e-waste-millions-tons_square - Copy.jpg,e-waste,train,C:\Users\GAME\Documents\GitHub\Waste\data\Hazardous\Hazardous\e-waste\01-e-waste-millions-tons_square - Copy.jpg
e-waste-process - Copy.jpg,e-waste,train,C:\Users\GAME\Documents\GitHub\Waste\data\Hazardous\Hazardous\e-waste\e-waste-process - Copy.jpg
icons-led-lamps-types-fluorescent-filament-halogen-diode-and-other-632016899 - Copy.jpg,e-waste,train,C:\Users\GAME\Documents\GitHub\Waste\data\Hazardous\Hazardous\e-waste\icons-led-lamps-types-fluorescent-filament-halogen-diode-and-other-632016899 - Copy.jpg
20f1f392-6d51-4fdb-a0a1-b6e0e837a57b.bc4be531fe04703066c45a302f6d7c0e - Copy.jpeg,e-waste,train,C:\Users\GAME\Documents\GitHub\Waste\data\Hazardous\Hazardous\e-waste\20f1f392-6d51-4fdb-a0a1-b6e0e837a57b.bc4be531fe04703066c45a302f6d7c0e - Copy.jpeg
iPleaders-17 - Copy.jpg,e-waste,train,C:\Users\GAME\Documents\GitHub\Waste\data\Hazardous\Hazardous\e-waste\iPleaders-17 - Copy.jpg
ling-electronic-waste-electronics-hazardous-waste-recycle-computer-recycling - Copy.png,e-waste,train,C:\Users\GAME\Documents\GitHub\Waste\data\Hazardous\Hazardous\e-waste\ling-electronic-waste-electronics-hazardous-waste-recycle-computer-recycling - Copy.png
0.40042800_1555498967_e-waste2 - Copy.jpg,e-waste,train,C:\Users\GAME\Documents\GitHub\Waste\data\Hazardous\Hazardous\e-waste\0.40042800_1555498967_e-waste2 - Copy.jpg
_108381526_mediaitem108381525 - Copy.jpg,e-waste,train,C:\Users\GAME\Documents\GitHub\Waste\data\Hazardous\Hazardous\e-waste\_108381526_mediaitem108381525 - Copy.jpg
3283392878_d023c2ef93 - Copy.jpg,e-waste,train,C:\Users\GAME\Documents\GitHub\Waste\data\Hazardous\Hazardous\e-waste\3283392878_d023c2ef93 - Copy.jpg
how-to-dispose-of-light-bulbs-section-3 - Copy.jpg,e-waste,train,C:\Users\GAME\Documents\GitHub\Waste\data\Hazardous\Hazardous\e-waste\how-to-dispose-of-light-bulbs-section-3 - Copy.jpg
7ade6617-865a-42bf-b8f8-12859169a351.a7819c077ec87ce47606d6942a125eea - Copy.jpeg,e-waste,train,C:\Users\GAME\Documents\GitHub\Waste\data\Hazardous\Hazardous\e-waste\7ade6617-865a-42bf-b8f8-12859169a351.a7819c077ec87ce47606d6942a125eea - Copy.jpeg
-august-heap-of-broken-smartphone-screen-e-waste-electronic-waste-1100705909 - Copy.jpg,e-waste,train,C:\Users\GAME\Documents\GitHub\Waste\data\Hazardous\Hazardous\e-waste\-august-heap-of-broken-smartphone-screen-e-waste-electronic-waste-1100705909 - Copy.jpg
https3A2F2Fwww.elektormagazine.com2Fassets2Fupload2Fimages2F02Fe-waste4 - Copy.jpg,e-waste,train,C:\Users\GAME\Documents\GitHub\Waste\data\Hazardous\Hazardous\e-waste\https3A2F2Fwww.elektormagazine.com2Fassets2Fupload2Fimages2F02Fe-waste4 - Copy.jpg
ng-electronic-waste-electronics-recycle-bin-miscellaneous-computer-recycling - Copy.png,e-waste,train,C:\Users\GAME\Documents\GitHub\Waste\data\Hazardous\Hazardous\e-waste\ng-electronic-waste-electronics-recycle-bin-miscellaneous-computer-recycling - Copy.png
light-bulb-fluorescent - Copy.jpg,e-waste,train,C:\Users\GAME\Documents\GitHub\Waste\data\Hazardous\Hazardous\e-waste\light-bulb-fluorescent - Copy.jpg
Challenges-and-Opportunities-in-Electronic-Waste-Management-in-India-SHAMI - Copy.jpg,e-waste,train,C:\Users\GAME\Documents\GitHub\Waste\data\Hazardous\Hazardous\e-waste\Challenges-and-Opportunities-in-Electronic-Waste-Management-in-India-SHAMI - Copy.jpg
energy-saving-bulbs-spent-incandescent-halogen-cfi-fluorescent-led-174891292 - Copy.jpg,e-waste,train,C:\Users\GAME\Documents\GitHub\Waste\data\Hazardous\Hazardous\e-waste\energy-saving-bulbs-spent-incandescent-halogen-cfi-fluorescent-led-174891292 - Copy.jpg
Electronic_waste_at_Agbogbloshie2C_Ghana - Copy.jpg,e-waste,train,C:\Users\GAME\Documents\GitHub\Waste\data\Hazardous\Hazardous\e-waste\Electronic_waste_at_Agbogbloshie2C_Ghana - Copy.jpg
electronic-waste-e-waste-167412842216x9 - Copy.jpg,e-waste,train,C:\Users\GAME\Documents\GitHub\Waste\data\Hazardous\Hazardous\e-waste\electronic-waste-e-waste-167412842216x9 - Copy.jpg
Reciclaje_electronico_categorias_inglC3A9s - Copy.jpg,e-waste,train,C:\Users\GAME\Documents\GitHub\Waste\data\Hazardous\Hazardous\e-waste\Reciclaje_electronico_categorias_inglC3A9s - Copy.jpg
fluorescent20lights20hero - Copy.png,e-waste,train,C:\Users\GAME\Documents\GitHub\Waste\data\Hazardous\Hazardous\e-waste\fluorescent20lights20hero - Copy.png
omponents-mainboards-pcb-connectors-hardware-electronics-industry-eco-PNX35G - Copy.jpg,e-waste,train,C:\Users\GAME\Documents\GitHub\Waste\data\Hazardous\Hazardous\e-waste\omponents-mainboards-pcb-connectors-hardware-electronics-industry-eco-PNX35G - Copy.jpg
lightbulb-average-rated-lifetime-hours-1 - Copy.jpg,e-waste,train,C:\Users\GAME\Documents\GitHub\Waste\data\Hazardous\Hazardous\e-waste\lightbulb-average-rated-lifetime-hours-1 - Copy.jpg
esy-042966920 - Copy.jpg,e-waste,train,C:\Users\GAME\Documents\GitHub\Waste\data\Hazardous\Hazardous\e-waste\esy-042966920 - Copy.jpg
85a44d0f-d9a2-37b6-93c1-1c21fed330cf - Copy.png,e-waste,train,C:\Users\GAME\Documents\GitHub\Waste\data\Hazardous\Hazardous\e-waste\85a44d0f-d9a2-37b6-93c1-1c21fed330cf - Copy.png
Compact_fluorescent_light_bulb_with_GU24_connector - Copy.png,e-waste,train,C:\Users\GAME\Documents\GitHub\Waste\data\Hazardous\Hazardous\e-waste\Compact_fluorescent_light_bulb_with_GU24_connector - Copy.png
electrical-electronic-waste-1 - Copy.jpg,e-waste,train,C:\Users\GAME\Documents\GitHub\Waste\data\Hazardous\Hazardous\e-waste\electrical-electronic-waste-1 - Copy.jpg
db4789b29626 - Copy.jpg,e-waste,train,C:\Users\GAME\Documents\GitHub\Waste\data\Hazardous\Hazardous\e-waste\db4789b29626 - Copy.jpg
ling-issue-concept-copy-space-text-damaged-held-disposal-challenge-277763587 - Copy.jpg,e-waste,train,C:\Users\GAME\Documents\GitHub\Waste\data\Hazardous\Hazardous\e-waste\ling-issue-concept-copy-space-text-damaged-held-disposal-challenge-277763587 - Copy.jpg
1200px-Ewaste-pile - Copy.jpg,e-waste,train,C:\Users\GAME\Documents\GitHub\Waste\data\Hazardous\Hazardous\e-waste\1200px-Ewaste-pile - Copy.jpg
e-waste-policy-recast-to-focus-on-no-of-products-recycled - Copy.jpg,e-waste,train,C:\Users\GAME\Documents\GitHub\Waste\data\Hazardous\Hazardous\e-waste\e-waste-policy-recast-to-focus-on-no-of-products-recycled - Copy.jpg
ewaste-type - Copy.png,e-waste,train,C:\Users\GAME\Documents\GitHub\Waste\data\Hazardous\Hazardous\e-waste\ewaste-type - Copy.png
1464951746_U1GPlR_e-waste-IndiaBLO-870 - Copy.jpg,e-waste,train,C:\Users\GAME\Documents\GitHub\Waste\data\Hazardous\Hazardous\e-waste\1464951746_U1GPlR_e-waste-IndiaBLO-870 - Copy.jpg
eWaste - Copy.jpg,e-waste,train,C:\Users\GAME\Documents\GitHub\Waste\data\Hazardous\Hazardous\e-waste\eWaste - Copy.jpg
cfllightbulbs - Copy.jpg,e-waste,train,C:\Users\GAME\Documents\GitHub\Waste\data\Hazardous\Hazardous\e-waste\cfllightbulbs - Copy.jpg
341a4407444002d51dff14946e857c65 - Copy.jpg,e-waste,train,C:\Users\GAME\Documents\GitHub\Waste\data\Hazardous\Hazardous\e-waste\341a4407444002d51dff14946e857c65 - Copy.jpg
5927e3e4f1744da1ce90e7a09c175334 - Copy.jpg,e-waste,train,C:\Users\GAME\Documents\GitHub\Waste\data\Hazardous\Hazardous\e-waste\5927e3e4f1744da1ce90e7a09c175334 - Copy.jpg
e-waste-lg-238744418 - Copy.jpg,e-waste,train,C:\Users\GAME\Documents\GitHub\Waste\data\Hazardous\Hazardous\e-waste\e-waste-lg-238744418 - Copy.jpg
615c6bf230f40d9decf916ae97e192681b20e27238a8ae30ccbab09630fd0a53 - Copy.jpg,e-waste,train,C:\Users\GAME\Documents\GitHub\Waste\data\Hazardous\Hazardous\e-waste\615c6bf230f40d9decf916ae97e192681b20e27238a8ae30ccbab09630fd0a53 - Copy.jpg
1000_F_137113944_B7B2w62hhwjr7dWy8R5nYwwlHIwCRu6S - Copy.jpg,e-waste,train,C:\Users\GAME\Documents\GitHub\Waste\data\Hazardous\Hazardous\e-waste\1000_F_137113944_B7B2w62hhwjr7dWy8R5nYwwlHIwCRu6S - Copy.jpg
Noteable_ewaste_main-760x378 - Copy.jpg,e-waste,train,C:\Users\GAME\Documents\GitHub\Waste\data\Hazardous\Hazardous\e-waste\Noteable_ewaste_main-760x378 - Copy.jpg
lightbulbs - Copy.png,e-waste,train,C:\Users\GAME\Documents\GitHub\Waste\data\Hazardous\Hazardous\e-waste\lightbulbs - Copy.png
fluorescent2 - Copy.jpg,e-waste,train,C:\Users\GAME\Documents\GitHub\Waste\data\Hazardous\Hazardous\e-waste\fluorescent2 - Copy.jpg
detail_th_lightbulbs_cfl_content.jpg - Copy.jpg,e-waste,train,C:\Users\GAME\Documents\GitHub\Waste\data\Hazardous\Hazardous\e-waste\detail_th_lightbulbs_cfl_content.jpg - Copy.jpg
fluorescent - Copy.jpg,e-waste,train,C:\Users\GAME\Documents\GitHub\Waste\data\Hazardous\Hazardous\e-waste\fluorescent - Copy.jpg
impact-of-e-waste-hero1540775416137 - Copy.jpg,e-waste,train,C:\Users\GAME\Documents\GitHub\Waste\data\Hazardous\Hazardous\e-waste\impact-of-e-waste-hero1540775416137 - Copy.jpg
e-waste-3 - Copy.jpg,e-waste,train,C:\Users\GAME\Documents\GitHub\Waste\data\Hazardous\Hazardous\e-waste\e-waste-3 - Copy.jpg
electonic-waste - Copy.jpg,e-waste,train,C:\Users\GAME\Documents\GitHub\Waste\data\Hazardous\Hazardous\e-waste\electonic-waste - Copy.jpg
electronic-waste-hand-dropping-old-damaged-smartphone-bin-e-garbage-152109224 - Copy.jpg,e-waste,train,C:\Users\GAME\Documents\GitHub\Waste\data\Hazardous\Hazardous\e-waste\electronic-waste-hand-dropping-old-damaged-smartphone-bin-e-garbage-152109224 - Copy.jpg
old-burnt-fluorescent-energy-saving-lamps-hazardous-toxic-electronic-waste-75820716 - Copy.jpg,e-waste,train,C:\Users\GAME\Documents\GitHub\Waste\data\Hazardous\Hazardous\e-waste\old-burnt-fluorescent-energy-saving-lamps-hazardous-toxic-electronic-waste-75820716 - Copy.jpg
lamps - Copy.jpg,e-waste,train,C:\Users\GAME\Documents\GitHub\Waste\data\Hazardous\Hazardous\e-waste\lamps - Copy.jpg
set-different-types-light-bulbs-incandescent-compact-fluorescent-lamp_223337-667 - Copy.jpg,e-waste,train,C:\Users\GAME\Documents\GitHub\Waste\data\Hazardous\Hazardous\e-waste\set-different-types-light-bulbs-incandescent-compact-fluorescent-lamp_223337-667 - Copy.jpg
depositphotos_30453211-stock-photo-modern-electronic-waste - Copy.jpg,e-waste,train,C:\Users\GAME\Documents\GitHub\Waste\data\Hazardous\Hazardous\e-waste\depositphotos_30453211-stock-photo-modern-electronic-waste - Copy.jpg
stock-photo-old-lamps-and-lightbulbs-collection-in-a-waste-bin-2167268987 - Copy.jpg,e-waste,train,C:\Users\GAME\Documents\GitHub\Waste\data\Hazardous\Hazardous\e-waste\stock-photo-old-lamps-and-lightbulbs-collection-in-a-waste-bin-2167268987 - Copy.jpg
E-Waste_Landfill - Copy.jpg,e-waste,train,C:\Users\GAME\Documents\GitHub\Waste\data\Hazardous\Hazardous\e-waste\E-Waste_Landfill - Copy.jpg
GettyImages-1298365434 - Copy.jpg,e-waste,train,C:\Users\GAME\Documents\GitHub\Waste\data\Hazardous\Hazardous\e-waste\GettyImages-1298365434 - Copy.jpg
abfall-ressourcen_produktverantwortung_elektronikaltgeraete_foto_fernseher-berg - Copy.jpg,e-waste,train,C:\Users\GAME\Documents\GitHub\Waste\data\Hazardous\Hazardous\e-waste\abfall-ressourcen_produktverantwortung_elektronikaltgeraete_foto_fernseher-berg - Copy.jpg
e_waste_1572344183_725x725 - Copy.jpg,e-waste,train,C:\Users\GAME\Documents\GitHub\Waste\data\Hazardous\Hazardous\e-waste\e_waste_1572344183_725x725 - Copy.jpg
how_to_upcycle_ewaste_1573547808 - Copy.jpg,e-waste,train,C:\Users\GAME\Documents\GitHub\Waste\data\Hazardous\Hazardous\e-waste\how_to_upcycle_ewaste_1573547808 - Copy.jpg
Electronic-waste-1 - Copy.png,e-waste,train,C:\Users\GAME\Documents\GitHub\Waste\data\Hazardous\Hazardous\e-waste\Electronic-waste-1 - Copy.png
CFL-Broken-Bulb-scaled - Copy.jpeg,e-waste,train,C:\Users\GAME\Documents\GitHub\Waste\data\Hazardous\Hazardous\e-waste\CFL-Broken-Bulb-scaled - Copy.jpeg
reciclaje-industrial-portada - Copy.jpg,e-waste,train,C:\Users\GAME\Documents\GitHub\Waste\data\Hazardous\Hazardous\e-waste\reciclaje-industrial-portada - Copy.jpg
lable-black-line-icon-varieties-of-lamps-waste-recycling-garbage-sorting-eco - Copy.jpg,e-waste,train,C:\Users\GAME\Documents\GitHub\Waste\data\Hazardous\Hazardous\e-waste\lable-black-line-icon-varieties-of-lamps-waste-recycling-garbage-sorting-eco - Copy.jpg
n1-e1639575580776 - Copy.jpg,e-waste,train,C:\Users\GAME\Documents\GitHub\Waste\data\Hazardous\Hazardous\e-waste\n1-e1639575580776 - Copy.jpg
E-Waste20types-493414483 - Copy.jpg,e-waste,train,C:\Users\GAME\Documents\GitHub\Waste\data\Hazardous\Hazardous\e-waste\E-Waste20types-493414483 - Copy.jpg
Fluorescent-Bulbs-in-Trash-2-e1434205961573 - Copy.jpg,e-waste,train,C:\Users\GAME\Documents\GitHub\Waste\data\Hazardous\Hazardous\e-waste\Fluorescent-Bulbs-in-Trash-2-e1434205961573 - Copy.jpg
Incandescent_and_fluorescent_light_bulbs - Copy.png,e-waste,train,C:\Users\GAME\Documents\GitHub\Waste\data\Hazardous\Hazardous\e-waste\Incandescent_and_fluorescent_light_bulbs - Copy.png
electronic-waste-stock-photo_csp13003320 - Copy.jpg,e-waste,train,C:\Users\GAME\Documents\GitHub\Waste\data\Hazardous\Hazardous\e-waste\electronic-waste-stock-photo_csp13003320 - Copy.jpg
74409247-old-cellphones-and-battery-electronic-waste-concept - Copy.jpg,e-waste,train,C:\Users\GAME\Documents\GitHub\Waste\data\Hazardous\Hazardous\e-waste\74409247-old-cellphones-and-battery-electronic-waste-concept - Copy.jpg
an-electronics-e-waste-recycling-collection-area-the-collection-is-APK6DT - Copy.jpg,e-waste,train,C:\Users\GAME\Documents\GitHub\Waste\data\Hazardous\Hazardous\e-waste\an-electronics-e-waste-recycling-collection-area-the-collection-is-APK6DT - Copy.jpg
Five-Reasons-Why-E-Waste-Recycling-is-Important-1-1024x517 - Copy.jpg,e-waste,train,C:\Users\GAME\Documents\GitHub\Waste\data\Hazardous\Hazardous\e-waste\Five-Reasons-Why-E-Waste-Recycling-is-Important-1-1024x517 - Copy.jpg
crompton-bulbs-and-cfls-19-08-2021-975-240174309-zjbfq - Copy.png,e-waste,train,C:\Users\GAME\Documents\GitHub\Waste\data\Hazardous\Hazardous\e-waste\crompton-bulbs-and-cfls-19-08-2021-975-240174309-zjbfq - Copy.png
E-waste - Copy.png,e-waste,train,C:\Users\GAME\Documents\GitHub\Waste\data\Hazardous\Hazardous\e-waste\E-waste - Copy.png
bulbs_lg - Copy.jpg,e-waste,train,C:\Users\GAME\Documents\GitHub\Waste\data\Hazardous\Hazardous\e-waste\bulbs_lg - Copy.jpg
HHW_Bulbs-updated - Copy.jpg,e-waste,train,C:\Users\GAME\Documents\GitHub\Waste\data\Hazardous\Hazardous\e-waste\HHW_Bulbs-updated - Copy.jpg
stock-photo-pile-of-light-bulbs-energy-saving-diode-glass-etc-recycling-clutter-745555078 - Copy.jpg,e-waste,train,C:\Users\GAME\Documents\GitHub\Waste\data\Hazardous\Hazardous\e-waste\stock-photo-pile-of-light-bulbs-energy-saving-diode-glass-etc-recycling-clutter-745555078 - Copy.jpg
2050_E-Waste_Asian_Outlook_Web_title - Copy.jpg,e-waste,train,C:\Users\GAME\Documents\GitHub\Waste\data\Hazardous\Hazardous\e-waste\2050_E-Waste_Asian_Outlook_Web_title - Copy.jpg
61DVdFF9f-L - Copy.jpg,e-waste,train,C:\Users\GAME\Documents\GitHub\Waste\data\Hazardous\Hazardous\e-waste\61DVdFF9f-L - Copy.jpg
Electronic-Waste-E-Waste-WEEE - Copy.jpg,e-waste,train,C:\Users\GAME\Documents\GitHub\Waste\data\Hazardous\Hazardous\e-waste\Electronic-Waste-E-Waste-WEEE - Copy.jpg
cfl-product-family - Copy.png,e-waste,train,C:\Users\GAME\Documents\GitHub\Waste\data\Hazardous\Hazardous\e-waste\cfl-product-family - Copy.png
BulbSchematic - Copy.jpg,e-waste,train,C:\Users\GAME\Documents\GitHub\Waste\data\Hazardous\Hazardous\e-waste\BulbSchematic - Copy.jpg
2020_8largeimg_799107359 - Copy.jpg,e-waste,train,C:\Users\GAME\Documents\GitHub\Waste\data\Hazardous\Hazardous\e-waste\2020_8largeimg_799107359 - Copy.jpg
E-Waste-Management-in-India-2016-Rules-Challenges-upsc-ias-essay3-e1559907374322 - Copy.jpg,e-waste,train,C:\Users\GAME\Documents\GitHub\Waste\data\Hazardous\Hazardous\e-waste\E-Waste-Management-in-India-2016-Rules-Challenges-upsc-ias-essay3-e1559907374322 - Copy.jpg
gettyimages-522580785 - Copy.jpg,e-waste,train,C:\Users\GAME\Documents\GitHub\Waste\data\Hazardous\Hazardous\e-waste\gettyimages-522580785 - Copy.jpg
ic-waste-old-products-china-cyclic-utilization-broken-energy-saving-47934966 - Copy.jpg,e-waste,train,C:\Users\GAME\Documents\GitHub\Waste\data\Hazardous\Hazardous\e-waste\ic-waste-old-products-china-cyclic-utilization-broken-energy-saving-47934966 - Copy.jpg
-garbage-sorting-eco-friendly-sign-for-web-page-app-ui-ux-gui-design-2CPCA8A - Copy.jpg,e-waste,train,C:\Users\GAME\Documents\GitHub\Waste\data\Hazardous\Hazardous\e-waste\-garbage-sorting-eco-friendly-sign-for-web-page-app-ui-ux-gui-design-2CPCA8A - Copy.jpg
old-used-led-halogen-bulbs-fluorescent-tubes-different-light-bulbs-collected-recycling-217026394 - Copy.jpg,e-waste,train,C:\Users\GAME\Documents\GitHub\Waste\data\Hazardous\Hazardous\e-waste\old-used-led-halogen-bulbs-fluorescent-tubes-different-light-bulbs-collected-recycling-217026394 - Copy.jpg
S4cyF6X8zyxWbqHjnI83ICAtzm6CgAqDFVIA9UZG95I.JPG - Copy.jpg,e-waste,train,C:\Users\GAME\Documents\GitHub\Waste\data\Hazardous\Hazardous\e-waste\S4cyF6X8zyxWbqHjnI83ICAtzm6CgAqDFVIA9UZG95I.JPG - Copy.jpg
disposing-lightbulbs-batteries - Copy.jpg,e-waste,train,C:\Users\GAME\Documents\GitHub\Waste\data\Hazardous\Hazardous\e-waste\disposing-lightbulbs-batteries - Copy.jpg
Energiesparlampe_01_retouched - Copy.jpg,e-waste,train,C:\Users\GAME\Documents\GitHub\Waste\data\Hazardous\Hazardous\e-waste\Energiesparlampe_01_retouched - Copy.jpg
n-edison-fluorescent-and-led-isolated-on-a-transparent-background-1242075553 - Copy.jpg,e-waste,train,C:\Users\GAME\Documents\GitHub\Waste\data\Hazardous\Hazardous\e-waste\n-edison-fluorescent-and-led-isolated-on-a-transparent-background-1242075553 - Copy.jpg
lightbulb-recycling - Copy.jpg,e-waste,train,C:\Users\GAME\Documents\GitHub\Waste\data\Hazardous\Hazardous\e-waste\lightbulb-recycling - Copy.jpg
Maple-Leaf-Foods-Electronic-Recycling-Program-Photo-Credit-Lya_Cattel - Copy.jpg,e-waste,train,C:\Users\GAME\Documents\GitHub\Waste\data\Hazardous\Hazardous\e-waste\Maple-Leaf-Foods-Electronic-Recycling-Program-Photo-Credit-Lya_Cattel - Copy.jpg
rk-background-the-concept-of-recycling-and-disposal-of-electronic-2199207751 - Copy.jpg,e-waste,train,C:\Users\GAME\Documents\GitHub\Waste\data\Hazardous\Hazardous\e-waste\rk-background-the-concept-of-recycling-and-disposal-of-electronic-2199207751 - Copy.jpg
6ft-Fluorescent-Box-Gallery-Image-1 - Copy.jpg,e-waste,train,C:\Users\GAME\Documents\GitHub\Waste\data\Hazardous\Hazardous\e-waste\6ft-Fluorescent-Box-Gallery-Image-1 - Copy.jpg
e-waste-e-waste-old-mobile-phones-battery-isolated-white-background-177536164 - Copy.jpg,e-waste,train,C:\Users\GAME\Documents\GitHub\Waste\data\Hazardous\Hazardous\e-waste\e-waste-e-waste-old-mobile-phones-battery-isolated-white-background-177536164 - Copy.jpg
recycle-e-waste-new-aug-22 - Copy.png,e-waste,train,C:\Users\GAME\Documents\GitHub\Waste\data\Hazardous\Hazardous\e-waste\recycle-e-waste-new-aug-22 - Copy.png
01-e-waste-millions-tons - Copy.jpg,e-waste,train,C:\Users\GAME\Documents\GitHub\Waste\data\Hazardous\Hazardous\e-waste\01-e-waste-millions-tons - Copy.jpg
electronic-waste-e-waste - Copy.jpg,e-waste,train,C:\Users\GAME\Documents\GitHub\Waste\data\Hazardous\Hazardous\e-waste\electronic-waste-e-waste - Copy.jpg
1-compact-fluorescent-bird-lamp-full-spectrum-lighting-bulb-2-4-original-imag9836wgsrnaev - Copy.jpeg,e-waste,train,C:\Users\GAME\Documents\GitHub\Waste\data\Hazardous\Hazardous\e-waste\1-compact-fluorescent-bird-lamp-full-spectrum-lighting-bulb-2-4-original-imag9836wgsrnaev - Copy.jpeg
pile-o-light-bulbs-1024x683 - Copy.jpg,e-waste,train,C:\Users\GAME\Documents\GitHub\Waste\data\Hazardous\Hazardous\e-waste\pile-o-light-bulbs-1024x683 - Copy.jpg
image31 - Copy.png,e-waste,train,C:\Users\GAME\Documents\GitHub\Waste\data\Hazardous\Hazardous\e-waste\image31 - Copy.png
stock-photo-hazardous-waste-on-a-black-background-681808615 - Copy.jpg,e-waste,train,C:\Users\GAME\Documents\GitHub\Waste\data\Hazardous\Hazardous\e-waste\stock-photo-hazardous-waste-on-a-black-background-681808615 - Copy.jpg
safe-disposal-any-logos-brand-names-have-been-removed-great-recycle-33215495 - Copy.jpg,e-waste,train,C:\Users\GAME\Documents\GitHub\Waste\data\Hazardous\Hazardous\e-waste\safe-disposal-any-logos-brand-names-have-been-removed-great-recycle-33215495 - Copy.jpg
r-illustrations-set-different-lightbulb-types-with-various-shapes-2035328045 - Copy.jpg,e-waste,train,C:\Users\GAME\Documents\GitHub\Waste\data\Hazardous\Hazardous\e-waste\r-illustrations-set-different-lightbulb-types-with-various-shapes-2035328045 - Copy.jpg
Alabama_CurtisPalmer - Copy.jpg,e-waste,train,C:\Users\GAME\Documents\GitHub\Waste\data\Hazardous\Hazardous\e-waste\Alabama_CurtisPalmer - Copy.jpg
e-schrott2 - Copy.jpg,e-waste,train,C:\Users\GAME\Documents\GitHub\Waste\data\Hazardous\Hazardous\e-waste\e-schrott2 - Copy.jpg
Electronic-waste2-scaled - Copy.jpg,e-waste,train,C:\Users\GAME\Documents\GitHub\Waste\data\Hazardous\Hazardous\e-waste\Electronic-waste2-scaled - Copy.jpg
e-inside-green-recycling-symbol-e-waste-concept-illustration-with-1118223065 - Copy.jpg,e-waste,train,C:\Users\GAME\Documents\GitHub\Waste\data\Hazardous\Hazardous\e-waste\e-inside-green-recycling-symbol-e-waste-concept-illustration-with-1118223065 - Copy.jpg
how-fluorescents-work - Copy.jpg,e-waste,train,C:\Users\GAME\Documents\GitHub\Waste\data\Hazardous\Hazardous\e-waste\how-fluorescents-work - Copy.jpg
Fluorescent_light_bulb_from_inside_2 - Copy.jpg,e-waste,train,C:\Users\GAME\Documents\GitHub\Waste\data\Hazardous\Hazardous\e-waste\Fluorescent_light_bulb_from_inside_2 - Copy.jpg
bbf3173e-a750-4687-97be-50f2a4cd2d2b - Copy.jpg,e-waste,train,C:\Users\GAME\Documents\GitHub\Waste\data\Hazardous\Hazardous\e-waste\bbf3173e-a750-4687-97be-50f2a4cd2d2b - Copy.jpg
634ec7fb55fe19788b75085f-18-watt-cfl-light-bulbs-4-pin-g24q-2 - Copy.jpg,e-waste,train,C:\Users\GAME\Documents\GitHub\Waste\data\Hazardous\Hazardous\e-waste\634ec7fb55fe19788b75085f-18-watt-cfl-light-bulbs-4-pin-g24q-2 - Copy.jpg
negative-side-of-compact-flourescent-bulbs-cfls - Copy.jpg,e-waste,train,C:\Users\GAME\Documents\GitHub\Waste\data\Hazardous\Hazardous\e-waste\negative-side-of-compact-flourescent-bulbs-cfls - Copy.jpg
ulbs-at-recycling-event-old-broken-and-burnt-light-bulbs-waits-to-1593279565 - Copy.jpg,e-waste,train,C:\Users\GAME\Documents\GitHub\Waste\data\Hazardous\Hazardous\e-waste\ulbs-at-recycling-event-old-broken-and-burnt-light-bulbs-waits-to-1593279565 - Copy.jpg
e-waste-electronic-waste-recycling-and-management - Copy.jpg,e-waste,train,C:\Users\GAME\Documents\GitHub\Waste\data\Hazardous\Hazardous\e-waste\e-waste-electronic-waste-recycling-and-management - Copy.jpg
going-greener-by-recycling-burnt-out-bulbs-1523856076-3781852 - Copy.jpeg,e-waste,train,C:\Users\GAME\Documents\GitHub\Waste\data\Hazardous\Hazardous\e-waste\going-greener-by-recycling-burnt-out-bulbs-1523856076-3781852 - Copy.jpeg
66016104-inefficient-tungsten-light-bulbs-discarded-in-a-trash-can-green-eco-concept - Copy.jpg,e-waste,train,C:\Users\GAME\Documents\GitHub\Waste\data\Hazardous\Hazardous\e-waste\66016104-inefficient-tungsten-light-bulbs-discarded-in-a-trash-can-green-eco-concept - Copy.jpg
e-waste-recycling-law-1 - Copy.jpg,e-waste,train,C:\Users\GAME\Documents\GitHub\Waste\data\Hazardous\Hazardous\e-waste\e-waste-recycling-law-1 - Copy.jpg
onic-waste-on-white-background-reuse-and-recycle-concept-top-view-1011557155 - Copy.jpg,e-waste,train,C:\Users\GAME\Documents\GitHub\Waste\data\Hazardous\Hazardous\e-waste\onic-waste-on-white-background-reuse-and-recycle-concept-top-view-1011557155 - Copy.jpg
02bulb-web2-1454343899851-superJumbo - Copy.jpg,e-waste,train,C:\Users\GAME\Documents\GitHub\Waste\data\Hazardous\Hazardous\e-waste\02bulb-web2-1454343899851-superJumbo - Copy.jpg
09109-scicon-lightbulbcxd - Copy.jpg,e-waste,train,C:\Users\GAME\Documents\GitHub\Waste\data\Hazardous\Hazardous\e-waste\09109-scicon-lightbulbcxd - Copy.jpg
Parts_of_CFL_large - Copy.jpg,e-waste,train,C:\Users\GAME\Documents\GitHub\Waste\data\Hazardous\Hazardous\e-waste\Parts_of_CFL_large - Copy.jpg
e-waste3 - Copy.jpg,e-waste,train,C:\Users\GAME\Documents\GitHub\Waste\data\Hazardous\Hazardous\e-waste\e-waste3 - Copy.jpg
6184AcGb9XL - Copy.jpg,e-waste,train,C:\Users\GAME\Documents\GitHub\Waste\data\Hazardous\Hazardous\e-waste\6184AcGb9XL - Copy.jpg
ewaste-3 - Copy.jpg,e-waste,train,C:\Users\GAME\Documents\GitHub\Waste\data\Hazardous\Hazardous\e-waste\ewaste-3 - Copy.jpg
maxresdefault - Copy.jpg,e-waste,train,C:\Users\GAME\Documents\GitHub\Waste\data\Hazardous\Hazardous\e-waste\maxresdefault - Copy.jpg
how-to-dispose-of-fluorescent-light-bulbs - Copy.jpg,e-waste,train,C:\Users\GAME\Documents\GitHub\Waste\data\Hazardous\Hazardous\e-waste\how-to-dispose-of-fluorescent-light-bulbs - Copy.jpg
t-diverse-old-halogen-and-fluorescent-light-bulbs-in-and-around-a-2197969345 - Copy.jpg,e-waste,train,C:\Users\GAME\Documents\GitHub\Waste\data\Hazardous\Hazardous\e-waste\t-diverse-old-halogen-and-fluorescent-light-bulbs-in-and-around-a-2197969345 - Copy.jpg
stock-vector-led-incandescent-and-energy-saving-light-bulbs-vector-illustration-1898745574 - Copy.jpg,e-waste,train,C:\Users\GAME\Documents\GitHub\Waste\data\Hazardous\Hazardous\e-waste\stock-vector-led-incandescent-and-energy-saving-light-bulbs-vector-illustration-1898745574 - Copy.jpg
AdobeStock_365525290 - Copy.jpg,e-waste,train,C:\Users\GAME\Documents\GitHub\Waste\data\Hazardous\Hazardous\e-waste\AdobeStock_365525290 - Copy.jpg
how-to-dispose-of-light-bulbs-section-4 - Copy.jpg,e-waste,train,C:\Users\GAME\Documents\GitHub\Waste\data\Hazardous\Hazardous\e-waste\how-to-dispose-of-light-bulbs-section-4 - Copy.jpg
ewaste-recycling - Copy.jpg,e-waste,train,C:\Users\GAME\Documents\GitHub\Waste\data\Hazardous\Hazardous\e-waste\ewaste-recycling - Copy.jpg
t-diverse-old-halogen-and-fluorescent-light-bulbs-in-and-around-a-2197969323 - Copy.jpg,e-waste,train,C:\Users\GAME\Documents\GitHub\Waste\data\Hazardous\Hazardous\e-waste\t-diverse-old-halogen-and-fluorescent-light-bulbs-in-and-around-a-2197969323 - Copy.jpg
stock-photo-hazardous-waste-on-a-black-background-with-space-for-text-681808597 - Copy.jpg,e-waste,train,C:\Users\GAME\Documents\GitHub\Waste\data\Hazardous\Hazardous\e-waste\stock-photo-hazardous-waste-on-a-black-background-with-space-for-text-681808597 - Copy.jpg
Light20bulbs.JPG - Copy.jpg,e-waste,train,C:\Users\GAME\Documents\GitHub\Waste\data\Hazardous\Hazardous\e-waste\Light20bulbs.JPG - Copy.jpg
cling-bin-with-discarded-electrical-and-electronic-devices-such-as-277722974 - Copy.jpg,e-waste,train,C:\Users\GAME\Documents\GitHub\Waste\data\Hazardous\Hazardous\e-waste\cling-bin-with-discarded-electrical-and-electronic-devices-such-as-277722974 - Copy.jpg
Solutions-to-e-waste-problems1 - Copy.jpg,e-waste,train,C:\Users\GAME\Documents\GitHub\Waste\data\Hazardous\Hazardous\e-waste\Solutions-to-e-waste-problems1 - Copy.jpg
what_are_cfl_bulbs_and_where_should_they_be_used - Copy.jpg,e-waste,train,C:\Users\GAME\Documents\GitHub\Waste\data\Hazardous\Hazardous\e-waste\what_are_cfl_bulbs_and_where_should_they_be_used - Copy.jpg
maxresdefault2 - Copy.jpg,e-waste,train,C:\Users\GAME\Documents\GitHub\Waste\data\Hazardous\Hazardous\e-waste\maxresdefault2 - Copy.jpg
light-bulbs-and-recycling-bin-for-them-light-bulbs-and-fluorescent-lamps-are - Copy.jpg,e-waste,train,C:\Users\GAME\Documents\GitHub\Waste\data\Hazardous\Hazardous\e-waste\light-bulbs-and-recycling-bin-for-them-light-bulbs-and-fluorescent-lamps-are - Copy.jpg
hazardous-waste-wooden-background-74234943 - Copy.jpg,e-waste,train,C:\Users\GAME\Documents\GitHub\Waste\data\Hazardous\Hazardous\e-waste\hazardous-waste-wooden-background-74234943 - Copy.jpg
E-Waste20Wednesday20-20Waste20Reduction20Week202022 - Copy.png,e-waste,train,C:\Users\GAME\Documents\GitHub\Waste\data\Hazardous\Hazardous\e-waste\E-Waste20Wednesday20-20Waste20Reduction20Week202022 - Copy.png
-1x-1 - Copy.jpg,e-waste,train,C:\Users\GAME\Documents\GitHub\Waste\data\Hazardous\Hazardous\e-waste\-1x-1 - Copy.jpg
Intro-to-E-Waste - Copy.jpg,e-waste,train,C:\Users\GAME\Documents\GitHub\Waste\data\Hazardous\Hazardous\e-waste\Intro-to-E-Waste - Copy.jpg
1521042165621 - Copy.jpg,e-waste,train,C:\Users\GAME\Documents\GitHub\Waste\data\Hazardous\Hazardous\e-waste\1521042165621 - Copy.jpg
uter-gold-as-ingredient-motherboards-e-waste-problem-environmental-279793363 - Copy.jpg,e-waste,train,C:\Users\GAME\Documents\GitHub\Waste\data\Hazardous\Hazardous\e-waste\uter-gold-as-ingredient-motherboards-e-waste-problem-environmental-279793363 - Copy.jpg
800px-Ewaste-pile - Copy.jpg,e-waste,train,C:\Users\GAME\Documents\GitHub\Waste\data\Hazardous\Hazardous\e-waste\800px-Ewaste-pile - Copy.jpg
bulbs_2 - Copy.png,e-waste,train,C:\Users\GAME\Documents\GitHub\Waste\data\Hazardous\Hazardous\e-waste\bulbs_2 - Copy.png
694898-electronic-waste-thinkstock - Copy.jpg,e-waste,train,C:\Users\GAME\Documents\GitHub\Waste\data\Hazardous\Hazardous\e-waste\694898-electronic-waste-thinkstock - Copy.jpg
156050-wrdgfxdtvg-1615456453 - Copy.jpg,e-waste,train,C:\Users\GAME\Documents\GitHub\Waste\data\Hazardous\Hazardous\e-waste\156050-wrdgfxdtvg-1615456453 - Copy.jpg
CFL-VS-LED-Lighting - Copy.jpg,e-waste,train,C:\Users\GAME\Documents\GitHub\Waste\data\Hazardous\Hazardous\e-waste\CFL-VS-LED-Lighting - Copy.jpg
aving-led-and-fluorescent-lightbulbs-infographic-on-a-blue-background-vector - Copy.jpg,e-waste,train,C:\Users\GAME\Documents\GitHub\Waste\data\Hazardous\Hazardous\e-waste\aving-led-and-fluorescent-lightbulbs-infographic-on-a-blue-background-vector - Copy.jpg
archives-ewaste-one_one - Copy.jpg,e-waste,train,C:\Users\GAME\Documents\GitHub\Waste\data\Hazardous\Hazardous\e-waste\archives-ewaste-one_one - Copy.jpg
Optimized-ewaste-middle-east - Copy.jpg,e-waste,train,C:\Users\GAME\Documents\GitHub\Waste\data\Hazardous\Hazardous\e-waste\Optimized-ewaste-middle-east - Copy.jpg
t5-recycling - Copy.jpg,e-waste,train,C:\Users\GAME\Documents\GitHub\Waste\data\Hazardous\Hazardous\e-waste\t5-recycling - Copy.jpg
1200px-Handy_schrott_mobile_phone_scrap - Copy.jpg,e-waste,train,C:\Users\GAME\Documents\GitHub\Waste\data\Hazardous\Hazardous\e-waste\1200px-Handy_schrott_mobile_phone_scrap - Copy.jpg
Featured-pictures-for-webiste11 - Copy.png,e-waste,train,C:\Users\GAME\Documents\GitHub\Waste\data\Hazardous\Hazardous\e-waste\Featured-pictures-for-webiste11 - Copy.png
stock-photo-electronic-waste-and-garbage-for-recycling-1675112317 - Copy.jpg,e-waste,train,C:\Users\GAME\Documents\GitHub\Waste\data\Hazardous\Hazardous\e-waste\stock-photo-electronic-waste-and-garbage-for-recycling-1675112317 - Copy.jpg
ectronic-gadgets-devices-on-white-table-e-waste-planned-obsolescence-2KF1CDY - Copy.jpg,e-waste,train,C:\Users\GAME\Documents\GitHub\Waste\data\Hazardous\Hazardous\e-waste\ectronic-gadgets-devices-on-white-table-e-waste-planned-obsolescence-2KF1CDY - Copy.jpg
post_lighting_waste - Copy.png,e-waste,train,C:\Users\GAME\Documents\GitHub\Waste\data\Hazardous\Hazardous\e-waste\post_lighting_waste - Copy.png
Compact-fluorescent-lamps - Copy.jpg,e-waste,train,C:\Users\GAME\Documents\GitHub\Waste\data\Hazardous\Hazardous\e-waste\Compact-fluorescent-lamps - Copy.jpg
waste - Copy.jpg,e-waste,train,C:\Users\GAME\Documents\GitHub\Waste\data\Hazardous\Hazardous\e-waste\waste - Copy.jpg
electronic-waste-collection-center-subsequent-recycling-circular-economy_761147-84 - Copy.jpg,e-waste,train,C:\Users\GAME\Documents\GitHub\Waste\data\Hazardous\Hazardous\e-waste\electronic-waste-collection-center-subsequent-recycling-circular-economy_761147-84 - Copy.jpg
E-Waste-Management-in-India - Copy.jpg,e-waste,train,C:\Users\GAME\Documents\GitHub\Waste\data\Hazardous\Hazardous\e-waste\E-Waste-Management-in-India - Copy.jpg
Ewaste - Copy.png,e-waste,train,C:\Users\GAME\Documents\GitHub\Waste\data\Hazardous\Hazardous\e-waste\Ewaste - Copy.png
BLOG-Which-light-bulbs-need-a-ballast - Copy.jpg,e-waste,train,C:\Users\GAME\Documents\GitHub\Waste\data\Hazardous\Hazardous\e-waste\BLOG-Which-light-bulbs-need-a-ballast - Copy.jpg
Fluorescent_Light_Video - Copy.jpg,e-waste,train,C:\Users\GAME\Documents\GitHub\Waste\data\Hazardous\Hazardous\e-waste\Fluorescent_Light_Video - Copy.jpg
page_1 - Copy.jpg,e-waste,train,C:\Users\GAME\Documents\GitHub\Waste\data\Hazardous\Hazardous\e-waste\page_1 - Copy.jpg
FluorescentBulbs - Copy.jpg,e-waste,train,C:\Users\GAME\Documents\GitHub\Waste\data\Hazardous\Hazardous\e-waste\FluorescentBulbs - Copy.jpg
e-waste4 - Copy.jpg,e-waste,train,C:\Users\GAME\Documents\GitHub\Waste\data\Hazardous\Hazardous\e-waste\e-waste4 - Copy.jpg
e_waste_1572334975 - Copy.jpg,e-waste,train,C:\Users\GAME\Documents\GitHub\Waste\data\Hazardous\Hazardous\e-waste\e_waste_1572334975 - Copy.jpg
sddefault - Copy.jpg,e-waste,train,C:\Users\GAME\Documents\GitHub\Waste\data\Hazardous\Hazardous\e-waste\sddefault - Copy.jpg
CFL - Copy.jpg,e-waste,train,C:\Users\GAME\Documents\GitHub\Waste\data\Hazardous\Hazardous\e-waste\CFL - Copy.jpg
17175 - Copy.jpeg,e-waste,train,C:\Users\GAME\Documents\GitHub\Waste\data\Hazardous\Hazardous\e-waste\17175 - Copy.jpeg
New-RepBan_Guide-FluorescentBulbs_2008 - Copy.jpg,e-waste,train,C:\Users\GAME\Documents\GitHub\Waste\data\Hazardous\Hazardous\e-waste\New-RepBan_Guide-FluorescentBulbs_2008 - Copy.jpg
e_waste_660_062019115620 - Copy.jpg,e-waste,train,C:\Users\GAME\Documents\GitHub\Waste\data\Hazardous\Hazardous\e-waste\e_waste_660_062019115620 - Copy.jpg
stock-photo-old-and-dusty-light-incandescent-bulb-isolated-on-white-background-2289784737 - Copy.jpg,e-waste,train,C:\Users\GAME\Documents\GitHub\Waste\data\Hazardous\Hazardous\e-waste\stock-photo-old-and-dusty-light-incandescent-bulb-isolated-on-white-background-2289784737 - Copy.jpg
65481011 - Copy.jpg,e-waste,train,C:\Users\GAME\Documents\GitHub\Waste\data\Hazardous\Hazardous\e-waste\65481011 - Copy.jpg
LED-vs-fluorescent-2022-section-1 - Copy.jpg,e-waste,train,C:\Users\GAME\Documents\GitHub\Waste\data\Hazardous\Hazardous\e-waste\LED-vs-fluorescent-2022-section-1 - Copy.jpg
ImageForArticle_8587_16733568303499477 - Copy.jpg,e-waste,train,C:\Users\GAME\Documents\GitHub\Waste\data\Hazardous\Hazardous\e-waste\ImageForArticle_8587_16733568303499477 - Copy.jpg
gettyimages-566436837-1559940280 - Copy.jpg,e-waste,train,C:\Users\GAME\Documents\GitHub\Waste\data\Hazardous\Hazardous\e-waste\gettyimages-566436837-1559940280 - Copy.jpg
file-20210216-19-57bzc1 - Copy.jpg,e-waste,train,C:\Users\GAME\Documents\GitHub\Waste\data\Hazardous\Hazardous\e-waste\file-20210216-19-57bzc1 - Copy.jpg
1507096064_kRvRf8_e-waste - Copy.jpg,e-waste,train,C:\Users\GAME\Documents\GitHub\Waste\data\Hazardous\Hazardous\e-waste\1507096064_kRvRf8_e-waste - Copy.jpg
Lights-Hero - Copy.jpg,e-waste,train,C:\Users\GAME\Documents\GitHub\Waste\data\Hazardous\Hazardous\e-waste\Lights-Hero - Copy.jpg
e-waste2 - Copy.jpg,e-waste,train,C:\Users\GAME\Documents\GitHub\Waste\data\Hazardous\Hazardous\e-waste\e-waste2 - Copy.jpg
129249_iStock-636655004---Hero - Copy.jpg,e-waste,train,C:\Users\GAME\Documents\GitHub\Waste\data\Hazardous\Hazardous\e-waste\129249_iStock-636655004---Hero - Copy.jpg
FB_IMG_1604548763726.jpg,egg_shells,train,C:\Users\GAME\Documents\GitHub\Waste\data\Organic\Organic\egg_shells\FB_IMG_1604548763726.jpg
cc8b3c.jpg,egg_shells,train,C:\Users\GAME\Documents\GitHub\Waste\data\Organic\Organic\egg_shells\cc8b3c.jpg
1000_F_523577764_HniZM09ls0H3vw7i0DXikSEzdasvzmoy.jpg,egg_shells,train,C:\Users\GAME\Documents\GitHub\Waste\data\Organic\Organic\egg_shells\1000_F_523577764_HniZM09ls0H3vw7i0DXikSEzdasvzmoy.jpg
egg-shell-1.jpg,egg_shells,train,C:\Users\GAME\Documents\GitHub\Waste\data\Organic\Organic\egg_shells\egg-shell-1.jpg
stock-photo-eggshell-shell-of-eggs-on-wooden-kitchen-table-1626806662.jpg,egg_shells,train,C:\Users\GAME\Documents\GitHub\Waste\data\Organic\Organic\egg_shells\stock-photo-eggshell-shell-of-eggs-on-wooden-kitchen-table-1626806662.jpg
catalysts-12-00246-ag.png,egg_shells,train,C:\Users\GAME\Documents\GitHub\Waste\data\Organic\Organic\egg_shells\catalysts-12-00246-ag.png
titanosaur-eggs-india-1-1024x705.jpg,egg_shells,train,C:\Users\GAME\Documents\GitHub\Waste\data\Organic\Organic\egg_shells\titanosaur-eggs-india-1-1024x705.jpg
MG_0288-2000x1333-2.jpg,egg_shells,train,C:\Users\GAME\Documents\GitHub\Waste\data\Organic\Organic\egg_shells\MG_0288-2000x1333-2.jpg
india-s-fssai-grants-approval-for-nem-2.jpg,egg_shells,train,C:\Users\GAME\Documents\GitHub\Waste\data\Organic\Organic\egg_shells\india-s-fssai-grants-approval-for-nem-2.jpg
eggshells-in-garden.jpg,egg_shells,train,C:\Users\GAME\Documents\GitHub\Waste\data\Organic\Organic\egg_shells\eggshells-in-garden.jpg
The-color-and-pigment-patterns-of-eggshells-vary-greatly-across-avian-lineages-We.png,egg_shells,train,C:\Users\GAME\Documents\GitHub\Waste\data\Organic\Organic\egg_shells\The-color-and-pigment-patterns-of-eggshells-vary-greatly-across-avian-lineages-We.png
eggshell9.png,egg_shells,train,C:\Users\GAME\Documents\GitHub\Waste\data\Organic\Organic\egg_shells\eggshell9.png
ruCCMI2J-eggshells.png,egg_shells,train,C:\Users\GAME\Documents\GitHub\Waste\data\Organic\Organic\egg_shells\ruCCMI2J-eggshells.png
1000_F_211028023_4K207bEPU7N2cJyvk92D4Ik0TKD93rzy.jpg,egg_shells,train,C:\Users\GAME\Documents\GitHub\Waste\data\Organic\Organic\egg_shells\1000_F_211028023_4K207bEPU7N2cJyvk92D4Ik0TKD93rzy.jpg
broken-eggs-eggshells-carton-mc-2x1-220718.jpg,egg_shells,train,C:\Users\GAME\Documents\GitHub\Waste\data\Organic\Organic\egg_shells\broken-eggs-eggshells-carton-mc-2x1-220718.jpg
5908_egg_shells2.jpg,egg_shells,train,C:\Users\GAME\Documents\GitHub\Waste\data\Organic\Organic\egg_shells\5908_egg_shells2.jpg
Emu_Egg_shell_painting_world_record-1.jpg,egg_shells,train,C:\Users\GAME\Documents\GitHub\Waste\data\Organic\Organic\egg_shells\Emu_Egg_shell_painting_world_record-1.jpg
FB-eggshells-for-the-garden.jpg,egg_shells,train,C:\Users\GAME\Documents\GitHub\Waste\data\Organic\Organic\egg_shells\FB-eggshells-for-the-garden.jpg
51kXtLk8BSL.jpg,egg_shells,train,C:\Users\GAME\Documents\GitHub\Waste\data\Organic\Organic\egg_shells\51kXtLk8BSL.jpg
-of-the-indian-and-pacific-oceans-an-endangered-species-they-travel-t-M9AFPW.jpg,egg_shells,train,C:\Users\GAME\Documents\GitHub\Waste\data\Organic\Organic\egg_shells\-of-the-indian-and-pacific-oceans-an-endangered-species-they-travel-t-M9AFPW.jpg
EggshellsGardening-3.jpg,egg_shells,train,C:\Users\GAME\Documents\GitHub\Waste\data\Organic\Organic\egg_shells\EggshellsGardening-3.jpg
shutterstock_64124065.jpg,egg_shells,train,C:\Users\GAME\Documents\GitHub\Waste\data\Organic\Organic\egg_shells\shutterstock_64124065.jpg
Engraved-ostrich-eggshell-fragment-Upper-Palaeolithic-Patne-India.png,egg_shells,train,C:\Users\GAME\Documents\GitHub\Waste\data\Organic\Organic\egg_shells\Engraved-ostrich-eggshell-fragment-Upper-Palaeolithic-Patne-India.png
sprinkling-eggshells-in-garden.jpg,egg_shells,train,C:\Users\GAME\Documents\GitHub\Waste\data\Organic\Organic\egg_shells\sprinkling-eggshells-in-garden.jpg
crushed-eggshells-for-chickens.jpg,egg_shells,train,C:\Users\GAME\Documents\GitHub\Waste\data\Organic\Organic\egg_shells\crushed-eggshells-for-chickens.jpg
Ostrich-kaiH--621x414LiveMint.JPG.jpg,egg_shells,train,C:\Users\GAME\Documents\GitHub\Waste\data\Organic\Organic\egg_shells\Ostrich-kaiH--621x414LiveMint.JPG.jpg
broken-eggs-1711144_1920.jpg,egg_shells,train,C:\Users\GAME\Documents\GitHub\Waste\data\Organic\Organic\egg_shells\broken-eggs-1711144_1920.jpg
eggshells-.png,egg_shells,train,C:\Users\GAME\Documents\GitHub\Waste\data\Organic\Organic\egg_shells\eggshells-.png
pexels-antony-trivet-12626269-scaled.jpg,egg_shells,train,C:\Users\GAME\Documents\GitHub\Waste\data\Organic\Organic\egg_shells\pexels-antony-trivet-12626269-scaled.jpg
001_486_IMG_broken-brown-eggshell-marble-surface.jpg,egg_shells,train,C:\Users\GAME\Documents\GitHub\Waste\data\Organic\Organic\egg_shells\001_486_IMG_broken-brown-eggshell-marble-surface.jpg
698107-hatched-open-poultry-chicks-egg-shells-shell-706502.jpg,egg_shells,train,C:\Users\GAME\Documents\GitHub\Waste\data\Organic\Organic\egg_shells\698107-hatched-open-poultry-chicks-egg-shells-shell-706502.jpg
seedling-growth-in-eggshells.jpg,egg_shells,train,C:\Users\GAME\Documents\GitHub\Waste\data\Organic\Organic\egg_shells\seedling-growth-in-eggshells.jpg
81E5gnm5CnL._AC_UF10001000_QL80_.jpg,egg_shells,train,C:\Users\GAME\Documents\GitHub\Waste\data\Organic\Organic\egg_shells\81E5gnm5CnL._AC_UF10001000_QL80_.jpg
Waste-Management-Ambikapur-hopes-to-generate-Rs-10000-a-month-from-the-eggshell-initiative1.jpg,egg_shells,train,C:\Users\GAME\Documents\GitHub\Waste\data\Organic\Organic\egg_shells\Waste-Management-Ambikapur-hopes-to-generate-Rs-10000-a-month-from-the-eggshell-initiative1.jpg
8d25mv_ncpmpairindiafoodeggshells_625x300_08_October_19.jpg,egg_shells,train,C:\Users\GAME\Documents\GitHub\Waste\data\Organic\Organic\egg_shells\8d25mv_ncpmpairindiafoodeggshells_625x300_08_October_19.jpg
GettyImages-1288209464-e1680536099894.jpg,egg_shells,train,C:\Users\GAME\Documents\GitHub\Waste\data\Organic\Organic\egg_shells\GettyImages-1288209464-e1680536099894.jpg
-shells-with-warm-water-used-as-a-calcium-supplement-and-popular-in-asia-and.jpg,egg_shells,train,C:\Users\GAME\Documents\GitHub\Waste\data\Organic\Organic\egg_shells\-shells-with-warm-water-used-as-a-calcium-supplement-and-popular-in-asia-and.jpg
l-intro-1680523821.jpg,egg_shells,train,C:\Users\GAME\Documents\GitHub\Waste\data\Organic\Organic\egg_shells\l-intro-1680523821.jpg
white-egg-shell-granules.jpg,egg_shells,train,C:\Users\GAME\Documents\GitHub\Waste\data\Organic\Organic\egg_shells\white-egg-shell-granules.jpg
bowl-containing-eggshells.jpg,egg_shells,train,C:\Users\GAME\Documents\GitHub\Waste\data\Organic\Organic\egg_shells\bowl-containing-eggshells.jpg
idiom-walk-on-eggshells.png,egg_shells,train,C:\Users\GAME\Documents\GitHub\Waste\data\Organic\Organic\egg_shells\idiom-walk-on-eggshells.png
rinsing-eggshells-with-water-before-drying-and-crushing.jpg,egg_shells,train,C:\Users\GAME\Documents\GitHub\Waste\data\Organic\Organic\egg_shells\rinsing-eggshells-with-water-before-drying-and-crushing.jpg
how-to-use-eggshells-in-garden.jpg,egg_shells,train,C:\Users\GAME\Documents\GitHub\Waste\data\Organic\Organic\egg_shells\how-to-use-eggshells-in-garden.jpg
Used-coffee-grounds-and-eggshells_Juver_shutterstock.jpg,egg_shells,train,C:\Users\GAME\Documents\GitHub\Waste\data\Organic\Organic\egg_shells\Used-coffee-grounds-and-eggshells_Juver_shutterstock.jpg
Eggshells-scaled.jpg,egg_shells,train,C:\Users\GAME\Documents\GitHub\Waste\data\Organic\Organic\egg_shells\Eggshells-scaled.jpg
broken-eggshells.jpg,egg_shells,train,C:\Users\GAME\Documents\GitHub\Waste\data\Organic\Organic\egg_shells\broken-eggshells.jpg
kvjhnutlxx2zrto2or8j.png,egg_shells,train,C:\Users\GAME\Documents\GitHub\Waste\data\Organic\Organic\egg_shells\kvjhnutlxx2zrto2or8j.png
egg-shell-header.jpg,egg_shells,train,C:\Users\GAME\Documents\GitHub\Waste\data\Organic\Organic\egg_shells\egg-shell-header.jpg
broken-egg-shells.jpg,egg_shells,train,C:\Users\GAME\Documents\GitHub\Waste\data\Organic\Organic\egg_shells\broken-egg-shells.jpg
making-faces-on-eggshell.jpg,egg_shells,train,C:\Users\GAME\Documents\GitHub\Waste\data\Organic\Organic\egg_shells\making-faces-on-eggshell.jpg
eggshells-in-bowl-1296x728.jpg,egg_shells,train,C:\Users\GAME\Documents\GitHub\Waste\data\Organic\Organic\egg_shells\eggshells-in-bowl-1296x728.jpg
HowtoGrindEggshellsforPlants_f6ebf5dc8c7ff2ee2d9fb6778a9bf612_2000.jpeg,egg_shells,train,C:\Users\GAME\Documents\GitHub\Waste\data\Organic\Organic\egg_shells\HowtoGrindEggshellsforPlants_f6ebf5dc8c7ff2ee2d9fb6778a9bf612_2000.jpeg
IMG_eggshellwaste-848x551.jpg,egg_shells,train,C:\Users\GAME\Documents\GitHub\Waste\data\Organic\Organic\egg_shells\IMG_eggshellwaste-848x551.jpg
Powder-preparation-steps-of-calcined-eggshells-a-Eggshell-b-Sun-drying-c.jpg,egg_shells,train,C:\Users\GAME\Documents\GitHub\Waste\data\Organic\Organic\egg_shells\Powder-preparation-steps-of-calcined-eggshells-a-Eggshell-b-Sun-drying-c.jpg
il_300x300.4958894282_bt9k.jpg,egg_shells,train,C:\Users\GAME\Documents\GitHub\Waste\data\Organic\Organic\egg_shells\il_300x300.4958894282_bt9k.jpg
eggshells-slugs-2x.jpg,egg_shells,train,C:\Users\GAME\Documents\GitHub\Waste\data\Organic\Organic\egg_shells\eggshells-slugs-2x.jpg
brown-crushed-egg-shell.jpg,egg_shells,train,C:\Users\GAME\Documents\GitHub\Waste\data\Organic\Organic\egg_shells\brown-crushed-egg-shell.jpg
2020_04_lead_eggshells-on-table_shutterstock_201335783.jpg,egg_shells,train,C:\Users\GAME\Documents\GitHub\Waste\data\Organic\Organic\egg_shells\2020_04_lead_eggshells-on-table_shutterstock_201335783.jpg
eggshellpinfbready.png,egg_shells,train,C:\Users\GAME\Documents\GitHub\Waste\data\Organic\Organic\egg_shells\eggshellpinfbready.png
Singapore20Eggshell20Coaster20Making20Workshop20by20Eco20Rangers20Pte20Ltd.jpg,egg_shells,train,C:\Users\GAME\Documents\GitHub\Waste\data\Organic\Organic\egg_shells\Singapore20Eggshell20Coaster20Making20Workshop20by20Eco20Rangers20Pte20Ltd.jpg
grinding-eggshells-2x.jpg,egg_shells,train,C:\Users\GAME\Documents\GitHub\Waste\data\Organic\Organic\egg_shells\grinding-eggshells-2x.jpg
top-view-trash-cooking-concept_1_700x.jpg,egg_shells,train,C:\Users\GAME\Documents\GitHub\Waste\data\Organic\Organic\egg_shells\top-view-trash-cooking-concept_1_700x.jpg
crushing-eggshells.jpg.webp,egg_shells,train,C:\Users\GAME\Documents\GitHub\Waste\data\Organic\Organic\egg_shells\crushing-eggshells.jpg.webp
upcycled-eggshells_Personal-Creations.jpg,egg_shells,train,C:\Users\GAME\Documents\GitHub\Waste\data\Organic\Organic\egg_shells\upcycled-eggshells_Personal-Creations.jpg
Eggshells.jpg,egg_shells,train,C:\Users\GAME\Documents\GitHub\Waste\data\Organic\Organic\egg_shells\Eggshells.jpg
5f421e3164a4ed8a454c7b20c1e3ebe5--eggshell-mosaic-tutorial-diy - Copy.jpg,egg_shells,train,C:\Users\GAME\Documents\GitHub\Waste\data\Organic\Organic\egg_shells\5f421e3164a4ed8a454c7b20c1e3ebe5--eggshell-mosaic-tutorial-diy - Copy.jpg
iStock_000003656044XSmall_egg-shells.jpg,egg_shells,train,C:\Users\GAME\Documents\GitHub\Waste\data\Organic\Organic\egg_shells\iStock_000003656044XSmall_egg-shells.jpg
robin-eggshells-e1531519300984.jpg,egg_shells,train,C:\Users\GAME\Documents\GitHub\Waste\data\Organic\Organic\egg_shells\robin-eggshells-e1531519300984.jpg
AdobeStock_479886517-scaled-e1674774370139.jpeg,egg_shells,train,C:\Users\GAME\Documents\GitHub\Waste\data\Organic\Organic\egg_shells\AdobeStock_479886517-scaled-e1674774370139.jpeg
1-s2.0-S0950061822018086-ga1.jpg,egg_shells,train,C:\Users\GAME\Documents\GitHub\Waste\data\Organic\Organic\egg_shells\1-s2.0-S0950061822018086-ga1.jpg
Eggshell_001.jpg,egg_shells,train,C:\Users\GAME\Documents\GitHub\Waste\data\Organic\Organic\egg_shells\Eggshell_001.jpg
maxresdefault2.jpg,egg_shells,train,C:\Users\GAME\Documents\GitHub\Waste\data\Organic\Organic\egg_shells\maxresdefault2.jpg
how-to-use-egg-shells-in-your-beauty-and-skincare-routine-500x300-piccontent.jpg,egg_shells,train,C:\Users\GAME\Documents\GitHub\Waste\data\Organic\Organic\egg_shells\how-to-use-egg-shells-in-your-beauty-and-skincare-routine-500x300-piccontent.jpg
Image_eggshells.jpg,egg_shells,train,C:\Users\GAME\Documents\GitHub\Waste\data\Organic\Organic\egg_shells\Image_eggshells.jpg
eggshells_759.jpg,egg_shells,train,C:\Users\GAME\Documents\GitHub\Waste\data\Organic\Organic\egg_shells\eggshells_759.jpg
egg-shells-1622966061-5849297.jpeg,egg_shells,train,C:\Users\GAME\Documents\GitHub\Waste\data\Organic\Organic\egg_shells\egg-shells-1622966061-5849297.jpeg
10-Cool-Things-to-Do-With-Eggshells.png,egg_shells,train,C:\Users\GAME\Documents\GitHub\Waste\data\Organic\Organic\egg_shells\10-Cool-Things-to-Do-With-Eggshells.png
eggshells-in-the-garden.jpg,egg_shells,train,C:\Users\GAME\Documents\GitHub\Waste\data\Organic\Organic\egg_shells\eggshells-in-the-garden.jpg
Chicken-eggshell-membrane-upcycled-for-bakery-Eggbrane-alleviates-joint-stiffness-and-pain.jpg,egg_shells,train,C:\Users\GAME\Documents\GitHub\Waste\data\Organic\Organic\egg_shells\Chicken-eggshell-membrane-upcycled-for-bakery-Eggbrane-alleviates-joint-stiffness-and-pain.jpg
walking_on_egg_shells_800_wht.jpg,egg_shells,train,C:\Users\GAME\Documents\GitHub\Waste\data\Organic\Organic\egg_shells\walking_on_egg_shells_800_wht.jpg
featured-eggshells-in-the-garden.jpg,egg_shells,train,C:\Users\GAME\Documents\GitHub\Waste\data\Organic\Organic\egg_shells\featured-eggshells-in-the-garden.jpg
chicken-of-eggshells.jpg,egg_shells,train,C:\Users\GAME\Documents\GitHub\Waste\data\Organic\Organic\egg_shells\chicken-of-eggshells.jpg
Walking-on-eggshells-blog-graphics_Facebook.png,egg_shells,train,C:\Users\GAME\Documents\GitHub\Waste\data\Organic\Organic\egg_shells\Walking-on-eggshells-blog-graphics_Facebook.png
egg-shells.jpg,egg_shells,train,C:\Users\GAME\Documents\GitHub\Waste\data\Organic\Organic\egg_shells\egg-shells.jpg
ways-to-use-eggshells.jpeg,egg_shells,train,C:\Users\GAME\Documents\GitHub\Waste\data\Organic\Organic\egg_shells\ways-to-use-eggshells.jpeg
Eggshells-and-Other-Food-Waste-on-Compost-Pile.jpg,egg_shells,train,C:\Users\GAME\Documents\GitHub\Waste\data\Organic\Organic\egg_shells\Eggshells-and-Other-Food-Waste-on-Compost-Pile.jpg
ew-group-of-broken-eggshells-stacked-on-white-background-flat-lay-2071149671.jpg,egg_shells,train,C:\Users\GAME\Documents\GitHub\Waste\data\Organic\Organic\egg_shells\ew-group-of-broken-eggshells-stacked-on-white-background-flat-lay-2071149671.jpg
gfx4-x1280.jpeg,food_scraps,train,C:\Users\GAME\Documents\GitHub\Waste\data\Organic\Organic\food_scraps\gfx4-x1280.jpeg
file7g1gomxjw28p61iggbn-993894-1622829644.jpg,food_scraps,train,C:\Users\GAME\Documents\GitHub\Waste\data\Organic\Organic\food_scraps\file7g1gomxjw28p61iggbn-993894-1622829644.jpg
What-is-Food-Waste.png,food_scraps,train,C:\Users\GAME\Documents\GitHub\Waste\data\Organic\Organic\food_scraps\What-is-Food-Waste.png
kitchen-waste.jpg,food_scraps,train,C:\Users\GAME\Documents\GitHub\Waste\data\Organic\Organic\food_scraps\kitchen-waste.jpg
bc914a33536d6cc8f833b89843d63a9c.jpg,food_scraps,train,C:\Users\GAME\Documents\GitHub\Waste\data\Organic\Organic\food_scraps\bc914a33536d6cc8f833b89843d63a9c.jpg
1600x960_804605-food-waste.jpg,food_scraps,train,C:\Users\GAME\Documents\GitHub\Waste\data\Organic\Organic\food_scraps\1600x960_804605-food-waste.jpg
Food20scraps20into20green20cart.jpg,food_scraps,train,C:\Users\GAME\Documents\GitHub\Waste\data\Organic\Organic\food_scraps\Food20scraps20into20green20cart.jpg
apples.png,food_scraps,train,C:\Users\GAME\Documents\GitHub\Waste\data\Organic\Organic\food_scraps\apples.png
iStock-1310811753.jpg,food_scraps,train,C:\Users\GAME\Documents\GitHub\Waste\data\Organic\Organic\food_scraps\iStock-1310811753.jpg
Sustainability-clearcuts-foodscraps-lrg.jpg,food_scraps,train,C:\Users\GAME\Documents\GitHub\Waste\data\Organic\Organic\food_scraps\Sustainability-clearcuts-foodscraps-lrg.jpg
IMG_8177-2B-25282-2529.jpg,food_scraps,train,C:\Users\GAME\Documents\GitHub\Waste\data\Organic\Organic\food_scraps\IMG_8177-2B-25282-2529.jpg
msYOpyieqtTMURt-800x450-noPad.jpg,food_scraps,train,C:\Users\GAME\Documents\GitHub\Waste\data\Organic\Organic\food_scraps\msYOpyieqtTMURt-800x450-noPad.jpg
broth-from-scraps.jpeg,food_scraps,train,C:\Users\GAME\Documents\GitHub\Waste\data\Organic\Organic\food_scraps\broth-from-scraps.jpeg
AdobeStock_550660149_428fd902f4247199467725e7eccf1673.jpeg,food_scraps,train,C:\Users\GAME\Documents\GitHub\Waste\data\Organic\Organic\food_scraps\AdobeStock_550660149_428fd902f4247199467725e7eccf1673.jpeg
food-waste-problem.jpg,food_scraps,train,C:\Users\GAME\Documents\GitHub\Waste\data\Organic\Organic\food_scraps\food-waste-problem.jpg
What_are_the_advantages_of_proper_food_waste_management.jpg,food_scraps,train,C:\Users\GAME\Documents\GitHub\Waste\data\Organic\Organic\food_scraps\What_are_the_advantages_of_proper_food_waste_management.jpg
stock-photo-organic-waste-food-and-home-waste-used-to-make-compost-619780853.jpg,food_scraps,train,C:\Users\GAME\Documents\GitHub\Waste\data\Organic\Organic\food_scraps\stock-photo-organic-waste-food-and-home-waste-used-to-make-compost-619780853.jpg
sustainability-waste-reducing-food-loss-article-header-fw.jpg,food_scraps,train,C:\Users\GAME\Documents\GitHub\Waste\data\Organic\Organic\food_scraps\sustainability-waste-reducing-food-loss-article-header-fw.jpg
TasteofTelangana_BlogPhotos_30052021_1200.jpg,food_scraps,train,C:\Users\GAME\Documents\GitHub\Waste\data\Organic\Organic\food_scraps\TasteofTelangana_BlogPhotos_30052021_1200.jpg
Organic-waste-to-wealth.jpg,food_scraps,train,C:\Users\GAME\Documents\GitHub\Waste\data\Organic\Organic\food_scraps\Organic-waste-to-wealth.jpg
9122rFZCfiL._AC_UF10001000_QL80_.jpg,food_scraps,train,C:\Users\GAME\Documents\GitHub\Waste\data\Organic\Organic\food_scraps\9122rFZCfiL._AC_UF10001000_QL80_.jpg
iStock-172481514.jpg,food_scraps,train,C:\Users\GAME\Documents\GitHub\Waste\data\Organic\Organic\food_scraps\iStock-172481514.jpg
unavoidable-waste.jpg,food_scraps,train,C:\Users\GAME\Documents\GitHub\Waste\data\Organic\Organic\food_scraps\unavoidable-waste.jpg
20120223174847-1_0.jpg,food_scraps,train,C:\Users\GAME\Documents\GitHub\Waste\data\Organic\Organic\food_scraps\20120223174847-1_0.jpg
Trashed_vegetables_in_Luxembourg.jpeg,food_scraps,train,C:\Users\GAME\Documents\GitHub\Waste\data\Organic\Organic\food_scraps\Trashed_vegetables_in_Luxembourg.jpeg
828950-52136-ryfqandgvd-1487872329.jpg,food_scraps,train,C:\Users\GAME\Documents\GitHub\Waste\data\Organic\Organic\food_scraps\828950-52136-ryfqandgvd-1487872329.jpg
img_156027_foodwasteindex2.jpg,food_scraps,train,C:\Users\GAME\Documents\GitHub\Waste\data\Organic\Organic\food_scraps\img_156027_foodwasteindex2.jpg
585639-indiafood-poverty.jpg,food_scraps,train,C:\Users\GAME\Documents\GitHub\Waste\data\Organic\Organic\food_scraps\585639-indiafood-poverty.jpg
iStock-1281092545-1.jpg,food_scraps,train,C:\Users\GAME\Documents\GitHub\Waste\data\Organic\Organic\food_scraps\iStock-1281092545-1.jpg
Eliminating-Food-Wastage-to-Eradicate-Hunger.png,food_scraps,train,C:\Users\GAME\Documents\GitHub\Waste\data\Organic\Organic\food_scraps\Eliminating-Food-Wastage-to-Eradicate-Hunger.png
001_41_IMG_WEB_191204228_Loop-848x565.jpg,food_scraps,train,C:\Users\GAME\Documents\GitHub\Waste\data\Organic\Organic\food_scraps\001_41_IMG_WEB_191204228_Loop-848x565.jpg
FoodWaste.jpg,food_scraps,train,C:\Users\GAME\Documents\GitHub\Waste\data\Organic\Organic\food_scraps\FoodWaste.jpg
img_156025_foodwasteindex.jpg,food_scraps,train,C:\Users\GAME\Documents\GitHub\Waste\data\Organic\Organic\food_scraps\img_156025_foodwasteindex.jpg
Composting-1024x341-1.jpeg,food_scraps,train,C:\Users\GAME\Documents\GitHub\Waste\data\Organic\Organic\food_scraps\Composting-1024x341-1.jpeg
content13101.jpg,food_scraps,train,C:\Users\GAME\Documents\GitHub\Waste\data\Organic\Organic\food_scraps\content13101.jpg
top-view-trash-cooking-concept_23-2149056487.jpg,food_scraps,train,C:\Users\GAME\Documents\GitHub\Waste\data\Organic\Organic\food_scraps\top-view-trash-cooking-concept_23-2149056487.jpg
stock-photo-vegetable-food-scraps-1895608405.jpg,food_scraps,train,C:\Users\GAME\Documents\GitHub\Waste\data\Organic\Organic\food_scraps\stock-photo-vegetable-food-scraps-1895608405.jpg
wasted-food2.png,food_scraps,train,C:\Users\GAME\Documents\GitHub\Waste\data\Organic\Organic\food_scraps\wasted-food2.png
food-waste-in-america1.jpg,food_scraps,train,C:\Users\GAME\Documents\GitHub\Waste\data\Organic\Organic\food_scraps\food-waste-in-america1.jpg
-bread-organic-waste-isolated-shite-background-flat-illustration_74855-14373.jpg,food_scraps,train,C:\Users\GAME\Documents\GitHub\Waste\data\Organic\Organic\food_scraps\-bread-organic-waste-isolated-shite-background-flat-illustration_74855-14373.jpg
cover-1-24.jpg,food_scraps,train,C:\Users\GAME\Documents\GitHub\Waste\data\Organic\Organic\food_scraps\cover-1-24.jpg
fpiikgio_food-waste-istock-650_650x400_05_March_21.jpg,food_scraps,train,C:\Users\GAME\Documents\GitHub\Waste\data\Organic\Organic\food_scraps\fpiikgio_food-waste-istock-650_650x400_05_March_21.jpg
aa-Cover-74rf5oelkbaeo8j1kmiamu31v7-20171227011258.Medi.jpeg,food_scraps,train,C:\Users\GAME\Documents\GitHub\Waste\data\Organic\Organic\food_scraps\aa-Cover-74rf5oelkbaeo8j1kmiamu31v7-20171227011258.Medi.jpeg
MIT-Food-Scraps.jpg,food_scraps,train,C:\Users\GAME\Documents\GitHub\Waste\data\Organic\Organic\food_scraps\MIT-Food-Scraps.jpg
Food-waste-Indian-weddings.jpeg,food_scraps,train,C:\Users\GAME\Documents\GitHub\Waste\data\Organic\Organic\food_scraps\Food-waste-Indian-weddings.jpeg
food-waste-at-home-independence-day-special.jpg,food_scraps,train,C:\Users\GAME\Documents\GitHub\Waste\data\Organic\Organic\food_scraps\food-waste-at-home-independence-day-special.jpg
Cooking-With-Food-Scraps.jpg,food_scraps,train,C:\Users\GAME\Documents\GitHub\Waste\data\Organic\Organic\food_scraps\Cooking-With-Food-Scraps.jpg
5.png,food_scraps,train,C:\Users\GAME\Documents\GitHub\Waste\data\Organic\Organic\food_scraps\5.png
shutterstock_649541308-1-16410171154x3.jpg,food_scraps,train,C:\Users\GAME\Documents\GitHub\Waste\data\Organic\Organic\food_scraps\shutterstock_649541308-1-16410171154x3.jpg
190726-compost-al-1416.jpg,food_scraps,train,C:\Users\GAME\Documents\GitHub\Waste\data\Organic\Organic\food_scraps\190726-compost-al-1416.jpg
Hunger.jpg,food_scraps,train,C:\Users\GAME\Documents\GitHub\Waste\data\Organic\Organic\food_scraps\Hunger.jpg
iStock-1216122354.jpg,food_scraps,train,C:\Users\GAME\Documents\GitHub\Waste\data\Organic\Organic\food_scraps\iStock-1216122354.jpg
1503810939_3XUEDx_Food_Wastage.jpg,food_scraps,train,C:\Users\GAME\Documents\GitHub\Waste\data\Organic\Organic\food_scraps\1503810939_3XUEDx_Food_Wastage.jpg
food-scraps-recipes.jpg,food_scraps,train,C:\Users\GAME\Documents\GitHub\Waste\data\Organic\Organic\food_scraps\food-scraps-recipes.jpg
food-waste-14654962.jpg,food_scraps,train,C:\Users\GAME\Documents\GitHub\Waste\data\Organic\Organic\food_scraps\food-waste-14654962.jpg
fight-food-waste-1533137513976-1533137515977.jpg,food_scraps,train,C:\Users\GAME\Documents\GitHub\Waste\data\Organic\Organic\food_scraps\fight-food-waste-1533137513976-1533137515977.jpg
csm_Header_Food_Waste_1_7eb721ff62.jpg,food_scraps,train,C:\Users\GAME\Documents\GitHub\Waste\data\Organic\Organic\food_scraps\csm_Header_Food_Waste_1_7eb721ff62.jpg
un-food-waste-2013-feature_1474021852.jpg,food_scraps,train,C:\Users\GAME\Documents\GitHub\Waste\data\Organic\Organic\food_scraps\un-food-waste-2013-feature_1474021852.jpg
domestic-food-waste-compost-fruits-vegetables-white-background-compostable-scraps-164425010.jpg,food_scraps,train,C:\Users\GAME\Documents\GitHub\Waste\data\Organic\Organic\food_scraps\domestic-food-waste-compost-fruits-vegetables-white-background-compostable-scraps-164425010.jpg
stock-photo-compost-pile-hill-of-kitchen-scraps-isolated-on-white-background-170960243.jpg,food_scraps,train,C:\Users\GAME\Documents\GitHub\Waste\data\Organic\Organic\food_scraps\stock-photo-compost-pile-hill-of-kitchen-scraps-isolated-on-white-background-170960243.jpg
food-scraps-flyer-1-1.png,food_scraps,train,C:\Users\GAME\Documents\GitHub\Waste\data\Organic\Organic\food_scraps\food-scraps-flyer-1-1.png
DSC_0543.jpg,food_scraps,train,C:\Users\GAME\Documents\GitHub\Waste\data\Organic\Organic\food_scraps\DSC_0543.jpg
food-ngo_bbdf8874-4643-11e6-8e05-c384b245cd95.jpg,food_scraps,train,C:\Users\GAME\Documents\GitHub\Waste\data\Organic\Organic\food_scraps\food-ngo_bbdf8874-4643-11e6-8e05-c384b245cd95.jpg
how-to-stop-food-waste-1620830827.jpg,food_scraps,train,C:\Users\GAME\Documents\GitHub\Waste\data\Organic\Organic\food_scraps\how-to-stop-food-waste-1620830827.jpg
97085579.jpg,food_scraps,train,C:\Users\GAME\Documents\GitHub\Waste\data\Organic\Organic\food_scraps\97085579.jpg
collecting-food-scraps-4-compost-640s.jpg,food_scraps,train,C:\Users\GAME\Documents\GitHub\Waste\data\Organic\Organic\food_scraps\collecting-food-scraps-4-compost-640s.jpg
top-view-trash-cooking-concept_23-2149056484.jpg,food_scraps,train,C:\Users\GAME\Documents\GitHub\Waste\data\Organic\Organic\food_scraps\top-view-trash-cooking-concept_23-2149056484.jpg
food-waste-adobe.jpg,food_scraps,train,C:\Users\GAME\Documents\GitHub\Waste\data\Organic\Organic\food_scraps\food-waste-adobe.jpg
innovationsustainabilitya-home-bin-turning-food-scraps-into-farm-feed.png,food_scraps,train,C:\Users\GAME\Documents\GitHub\Waste\data\Organic\Organic\food_scraps\innovationsustainabilitya-home-bin-turning-food-scraps-into-farm-feed.png
trash-talk-5-food-scraps-you-should-not-be-throwing-away.1280x600.jpg,food_scraps,train,C:\Users\GAME\Documents\GitHub\Waste\data\Organic\Organic\food_scraps\trash-talk-5-food-scraps-you-should-not-be-throwing-away.1280x600.jpg
AdobeStock_539756104_e836ab76d05c8bfad90ac05325f1c4bf.jpeg,food_scraps,train,C:\Users\GAME\Documents\GitHub\Waste\data\Organic\Organic\food_scraps\AdobeStock_539756104_e836ab76d05c8bfad90ac05325f1c4bf.jpeg
A1MBvKpOlxL._AC_UF10001000_QL80_.jpg,food_scraps,train,C:\Users\GAME\Documents\GitHub\Waste\data\Organic\Organic\food_scraps\A1MBvKpOlxL._AC_UF10001000_QL80_.jpg
egetables-and-fruits-in-a-huge-container-in-a-rubbish-bin-heap-of-2203815095.jpg,food_scraps,train,C:\Users\GAME\Documents\GitHub\Waste\data\Organic\Organic\food_scraps\egetables-and-fruits-in-a-huge-container-in-a-rubbish-bin-heap-of-2203815095.jpg
composting-methods.jpg,food_scraps,train,C:\Users\GAME\Documents\GitHub\Waste\data\Organic\Organic\food_scraps\composting-methods.jpg
rbage-thrown-open-ground-food-waste-polythene-bags-dump-yard-scrap-228828546.jpg,food_scraps,train,C:\Users\GAME\Documents\GitHub\Waste\data\Organic\Organic\food_scraps\rbage-thrown-open-ground-food-waste-polythene-bags-dump-yard-scrap-228828546.jpg
3141b180-d58c-11ed-86ff-b93329756f4a.cf.jpg,food_scraps,train,C:\Users\GAME\Documents\GitHub\Waste\data\Organic\Organic\food_scraps\3141b180-d58c-11ed-86ff-b93329756f4a.cf.jpg
6106-05977845a_2400x1600.jpg.jpg,food_scraps,train,C:\Users\GAME\Documents\GitHub\Waste\data\Organic\Organic\food_scraps\6106-05977845a_2400x1600.jpg.jpg
cristiano-pinto-2lWGQ02DGL8-un_1_x.jpeg,food_scraps,train,C:\Users\GAME\Documents\GitHub\Waste\data\Organic\Organic\food_scraps\cristiano-pinto-2lWGQ02DGL8-un_1_x.jpeg
food.jpeg,food_scraps,train,C:\Users\GAME\Documents\GitHub\Waste\data\Organic\Organic\food_scraps\food.jpeg
00vid-skorea-waste-21719-cover-superJumbo.jpg,food_scraps,train,C:\Users\GAME\Documents\GitHub\Waste\data\Organic\Organic\food_scraps\00vid-skorea-waste-21719-cover-superJumbo.jpg
file-20230601-15-v2l0pv.jpg,food_scraps,train,C:\Users\GAME\Documents\GitHub\Waste\data\Organic\Organic\food_scraps\file-20230601-15-v2l0pv.jpg
Composting-Food-Waste.jpg,food_scraps,train,C:\Users\GAME\Documents\GitHub\Waste\data\Organic\Organic\food_scraps\Composting-Food-Waste.jpg
1024px-Household_food_trash_NY.jpg,food_scraps,train,C:\Users\GAME\Documents\GitHub\Waste\data\Organic\Organic\food_scraps\1024px-Household_food_trash_NY.jpg
Food_Tank_Reduce_Food_Waste.jpg,food_scraps,train,C:\Users\GAME\Documents\GitHub\Waste\data\Organic\Organic\food_scraps\Food_Tank_Reduce_Food_Waste.jpg
HOW-CAN-WE-HELP-1.jpg,food_scraps,train,C:\Users\GAME\Documents\GitHub\Waste\data\Organic\Organic\food_scraps\HOW-CAN-WE-HELP-1.jpg
4-Easy-Methods-to-Repurpose-Food-Scraps-Through-Kitchen-Composting.jpg,food_scraps,train,C:\Users\GAME\Documents\GitHub\Waste\data\Organic\Organic\food_scraps\4-Easy-Methods-to-Repurpose-Food-Scraps-Through-Kitchen-Composting.jpg
Food_Scraps_and_Yard_Debris_Collection_in_Portland_2010_by_Tim_Jewett.JPG.jpg,food_scraps,train,C:\Users\GAME\Documents\GitHub\Waste\data\Organic\Organic\food_scraps\Food_Scraps_and_Yard_Debris_Collection_in_Portland_2010_by_Tim_Jewett.JPG.jpg
7056505-untitled-design-2022-09-22t165643215.png,food_scraps,train,C:\Users\GAME\Documents\GitHub\Waste\data\Organic\Organic\food_scraps\7056505-untitled-design-2022-09-22t165643215.png
maxresdefault.jpg,food_scraps,train,C:\Users\GAME\Documents\GitHub\Waste\data\Organic\Organic\food_scraps\maxresdefault.jpg
np_file_233459.jpeg,food_scraps,train,C:\Users\GAME\Documents\GitHub\Waste\data\Organic\Organic\food_scraps\np_file_233459.jpeg
girl20edible20vegetables20food20DH-1562441019.jpg,food_scraps,train,C:\Users\GAME\Documents\GitHub\Waste\data\Organic\Organic\food_scraps\girl20edible20vegetables20food20DH-1562441019.jpg
Bobby-Berk_Veggie-Scraps_Sustainable_3.jpg,food_scraps,train,C:\Users\GAME\Documents\GitHub\Waste\data\Organic\Organic\food_scraps\Bobby-Berk_Veggie-Scraps_Sustainable_3.jpg
foodwaste3.jpg,food_scraps,train,C:\Users\GAME\Documents\GitHub\Waste\data\Organic\Organic\food_scraps\foodwaste3.jpg
ac_food_scraps_fairy_shot_3_1686.jpg,food_scraps,train,C:\Users\GAME\Documents\GitHub\Waste\data\Organic\Organic\food_scraps\ac_food_scraps_fairy_shot_3_1686.jpg
food_scraps_pile.jpg,food_scraps,train,C:\Users\GAME\Documents\GitHub\Waste\data\Organic\Organic\food_scraps\food_scraps_pile.jpg
Are_landfills_in_India_overloaded_from_Food_wastes.jpg,food_scraps,train,C:\Users\GAME\Documents\GitHub\Waste\data\Organic\Organic\food_scraps\Are_landfills_in_India_overloaded_from_Food_wastes.jpg
Waste-food_bg.jpg,food_scraps,train,C:\Users\GAME\Documents\GitHub\Waste\data\Organic\Organic\food_scraps\Waste-food_bg.jpg
kisspng-drawing-tree-apple-clip-art-food-scraps-5b1a04b3888213.1340075715284317955592.jpg,food_scraps,train,C:\Users\GAME\Documents\GitHub\Waste\data\Organic\Organic\food_scraps\kisspng-drawing-tree-apple-clip-art-food-scraps-5b1a04b3888213.1340075715284317955592.jpg
arina20cooking20with20scraps.jpg,food_scraps,train,C:\Users\GAME\Documents\GitHub\Waste\data\Organic\Organic\food_scraps\arina20cooking20with20scraps.jpg
Typical_North_India_Food_Prepared_for_Rongmei_Naga.jpg,food_scraps,train,C:\Users\GAME\Documents\GitHub\Waste\data\Organic\Organic\food_scraps\Typical_North_India_Food_Prepared_for_Rongmei_Naga.jpg
zero-waste-26.jpg,food_scraps,train,C:\Users\GAME\Documents\GitHub\Waste\data\Organic\Organic\food_scraps\zero-waste-26.jpg
food-scraps-shutterstock-c.jpg,food_scraps,train,C:\Users\GAME\Documents\GitHub\Waste\data\Organic\Organic\food_scraps\food-scraps-shutterstock-c.jpg
l-intro-1644823869.jpg,food_scraps,train,C:\Users\GAME\Documents\GitHub\Waste\data\Organic\Organic\food_scraps\l-intro-1644823869.jpg
5-5-ml-small-mini-tall-clear-glass-bottles-jars-combo-of-10-pcs-original-imafd3nqa4ss5gbr.jpeg,glass_containers,train,C:\Users\GAME\Documents\GitHub\Waste\data\Recyclable\Recyclable\glass_containers\5-5-ml-small-mini-tall-clear-glass-bottles-jars-combo-of-10-pcs-original-imafd3nqa4ss5gbr.jpeg
for-zero-waste-shopping-and-storage-on-grey-background-no-plastic-1388959436.jpg,glass_containers,train,C:\Users\GAME\Documents\GitHub\Waste\data\Recyclable\Recyclable\glass_containers\for-zero-waste-shopping-and-storage-on-grey-background-no-plastic-1388959436.jpg
ing-Glass-Cans-Recycled-Clear-Glass-Jar-for-Honey-Sauce-Jam-Candy-Packaging.webp,glass_containers,train,C:\Users\GAME\Documents\GitHub\Waste\data\Recyclable\Recyclable\glass_containers\ing-Glass-Cans-Recycled-Clear-Glass-Jar-for-Honey-Sauce-Jam-Candy-Packaging.webp
recycled-glass.jpg,glass_containers,train,C:\Users\GAME\Documents\GitHub\Waste\data\Recyclable\Recyclable\glass_containers\recycled-glass.jpg
glass-jar-uses.jpg,glass_containers,train,C:\Users\GAME\Documents\GitHub\Waste\data\Recyclable\Recyclable\glass_containers\glass-jar-uses.jpg
s-glass-jar-watercolor-vector-clipart-set-hand-drawn-illustration_530505-480.jpg,glass_containers,train,C:\Users\GAME\Documents\GitHub\Waste\data\Recyclable\Recyclable\glass_containers\s-glass-jar-watercolor-vector-clipart-set-hand-drawn-illustration_530505-480.jpg
DIYlabeljarszerowastespicesReusableNation.jpg,glass_containers,train,C:\Users\GAME\Documents\GitHub\Waste\data\Recyclable\Recyclable\glass_containers\DIYlabeljarszerowastespicesReusableNation.jpg
empty-glass-jar-vector-5062356.jpg,glass_containers,train,C:\Users\GAME\Documents\GitHub\Waste\data\Recyclable\Recyclable\glass_containers\empty-glass-jar-vector-5062356.jpg
my-borosil-storage-jars-1-2l-x-2-endura-airtight-glass-jar-set-of-2-1-2-l-30021285871754.jpg,glass_containers,train,C:\Users\GAME\Documents\GitHub\Waste\data\Recyclable\Recyclable\glass_containers\my-borosil-storage-jars-1-2l-x-2-endura-airtight-glass-jar-set-of-2-1-2-l-30021285871754.jpg
abrablast_66e1dfa948.jpg,glass_containers,train,C:\Users\GAME\Documents\GitHub\Waste\data\Recyclable\Recyclable\glass_containers\abrablast_66e1dfa948.jpg
81KUXai6eQL._SL1500_.jpg,glass_containers,train,C:\Users\GAME\Documents\GitHub\Waste\data\Recyclable\Recyclable\glass_containers\81KUXai6eQL._SL1500_.jpg
rsemptyemptycontainerforcosmeticsemptylipbalmcontainercreamjarsemptycosmetic.jpg,glass_containers,train,C:\Users\GAME\Documents\GitHub\Waste\data\Recyclable\Recyclable\glass_containers\rsemptyemptycontainerforcosmeticsemptylipbalmcontainercreamjarsemptycosmetic.jpg
FMCNJR900-02-1.jpg,glass_containers,train,C:\Users\GAME\Documents\GitHub\Waste\data\Recyclable\Recyclable\glass_containers\FMCNJR900-02-1.jpg
Real-Cycled4-1024x678.jpg,glass_containers,train,C:\Users\GAME\Documents\GitHub\Waste\data\Recyclable\Recyclable\glass_containers\Real-Cycled4-1024x678.jpg
pearl_green.jpg,glass_containers,train,C:\Users\GAME\Documents\GitHub\Waste\data\Recyclable\Recyclable\glass_containers\pearl_green.jpg
b0c06540025-494V_1.jpg,glass_containers,train,C:\Users\GAME\Documents\GitHub\Waste\data\Recyclable\Recyclable\glass_containers\b0c06540025-494V_1.jpg
DSC0662_600x.jpg,glass_containers,train,C:\Users\GAME\Documents\GitHub\Waste\data\Recyclable\Recyclable\glass_containers\DSC0662_600x.jpg
can-glass-be-recycled-683x1024.jpg,glass_containers,train,C:\Users\GAME\Documents\GitHub\Waste\data\Recyclable\Recyclable\glass_containers\can-glass-be-recycled-683x1024.jpg
19-Innovative-Simple-and-Beautiful-DIY-Glass-Bottle-Decor-Ideas.jpg,glass_containers,train,C:\Users\GAME\Documents\GitHub\Waste\data\Recyclable\Recyclable\glass_containers\19-Innovative-Simple-and-Beautiful-DIY-Glass-Bottle-Decor-Ideas.jpg
tles-wooden-grating-laid-meadow-recycled-glass-containers-close-up-158084979.jpg,glass_containers,train,C:\Users\GAME\Documents\GitHub\Waste\data\Recyclable\Recyclable\glass_containers\tles-wooden-grating-laid-meadow-recycled-glass-containers-close-up-158084979.jpg
tles-wooden-grating-laid-meadow-recycled-glass-containers-close-up-158084825.jpg,glass_containers,train,C:\Users\GAME\Documents\GitHub\Waste\data\Recyclable\Recyclable\glass_containers\tles-wooden-grating-laid-meadow-recycled-glass-containers-close-up-158084825.jpg
811bBLcwdXL._SL1500_-1.jpg,glass_containers,train,C:\Users\GAME\Documents\GitHub\Waste\data\Recyclable\Recyclable\glass_containers\811bBLcwdXL._SL1500_-1.jpg
il_570xN.2449419144_cwa3.jpg,glass_containers,train,C:\Users\GAME\Documents\GitHub\Waste\data\Recyclable\Recyclable\glass_containers\il_570xN.2449419144_cwa3.jpg
Bottle-9.jpg,glass_containers,train,C:\Users\GAME\Documents\GitHub\Waste\data\Recyclable\Recyclable\glass_containers\Bottle-9.jpg
SiONEER_glass_recycling_blog.jpg,glass_containers,train,C:\Users\GAME\Documents\GitHub\Waste\data\Recyclable\Recyclable\glass_containers\SiONEER_glass_recycling_blog.jpg
1000006360930-1000006360929_01-750-1.jpg,glass_containers,train,C:\Users\GAME\Documents\GitHub\Waste\data\Recyclable\Recyclable\glass_containers\1000006360930-1000006360929_01-750-1.jpg
korken-bottle-shaped-jar-with-lid-clear-glass__1152258_pe885224_s5.jpg,glass_containers,train,C:\Users\GAME\Documents\GitHub\Waste\data\Recyclable\Recyclable\glass_containers\korken-bottle-shaped-jar-with-lid-clear-glass__1152258_pe885224_s5.jpg
ecor-lights-garden-planters-edging-organizing-DIY-apieceofrainbow-1-625x1024.jpg,glass_containers,train,C:\Users\GAME\Documents\GitHub\Waste\data\Recyclable\Recyclable\glass_containers\ecor-lights-garden-planters-edging-organizing-DIY-apieceofrainbow-1-625x1024.jpg
image-removebg-preview_9fe2e65d-5a31-414e-81c5-4401ae93aecb.png,glass_containers,train,C:\Users\GAME\Documents\GitHub\Waste\data\Recyclable\Recyclable\glass_containers\image-removebg-preview_9fe2e65d-5a31-414e-81c5-4401ae93aecb.png
india-circus-by-krsnaa-mehta-grey-floral-galore-glass-bottle-24122002sd00156-1.jpg,glass_containers,train,C:\Users\GAME\Documents\GitHub\Waste\data\Recyclable\Recyclable\glass_containers\india-circus-by-krsnaa-mehta-grey-floral-galore-glass-bottle-24122002sd00156-1.jpg
Cocacolacollection.JPG.jpg,glass_containers,train,C:\Users\GAME\Documents\GitHub\Waste\data\Recyclable\Recyclable\glass_containers\Cocacolacollection.JPG.jpg
32.5_19d4770e-dc7a-4951-82bb-bf0030a411f7.jpg,glass_containers,train,C:\Users\GAME\Documents\GitHub\Waste\data\Recyclable\Recyclable\glass_containers\32.5_19d4770e-dc7a-4951-82bb-bf0030a411f7.jpg
Glass-Bottle-Jars-1.jpg,glass_containers,train,C:\Users\GAME\Documents\GitHub\Waste\data\Recyclable\Recyclable\glass_containers\Glass-Bottle-Jars-1.jpg
euro-pic.jpg,glass_containers,train,C:\Users\GAME\Documents\GitHub\Waste\data\Recyclable\Recyclable\glass_containers\euro-pic.jpg
1.jpg,glass_containers,train,C:\Users\GAME\Documents\GitHub\Waste\data\Recyclable\Recyclable\glass_containers\1.jpg
48252.jpg,glass_containers,train,C:\Users\GAME\Documents\GitHub\Waste\data\Recyclable\Recyclable\glass_containers\48252.jpg
0025.807V_1.jpg,glass_containers,train,C:\Users\GAME\Documents\GitHub\Waste\data\Recyclable\Recyclable\glass_containers\0025.807V_1.jpg
-recycle-storage-container-reduce-reuse-recycle-waste-sorting-bin-1549390778.jpg,glass_containers,train,C:\Users\GAME\Documents\GitHub\Waste\data\Recyclable\Recyclable\glass_containers\-recycle-storage-container-reduce-reuse-recycle-waste-sorting-bin-1549390778.jpg
Fotografie-2015_10_130287_LR.jpeg,glass_containers,train,C:\Users\GAME\Documents\GitHub\Waste\data\Recyclable\Recyclable\glass_containers\Fotografie-2015_10_130287_LR.jpeg
korken-jar-with-lid-clear-glass__1060982_ph168838_s5.jpg,glass_containers,train,C:\Users\GAME\Documents\GitHub\Waste\data\Recyclable\Recyclable\glass_containers\korken-jar-with-lid-clear-glass__1060982_ph168838_s5.jpg
my-borosil-storage-jars-12-pc-set-endura-airtight-glass-jar-set-of-12-29569577058442.jpg,glass_containers,train,C:\Users\GAME\Documents\GitHub\Waste\data\Recyclable\Recyclable\glass_containers\my-borosil-storage-jars-12-pc-set-endura-airtight-glass-jar-set-of-12-29569577058442.jpg
smetics-in-recycling-glass-bottle-jar-tube-for-skin-care-cleanser-2258699621.jpg,glass_containers,train,C:\Users\GAME\Documents\GitHub\Waste\data\Recyclable\Recyclable\glass_containers\smetics-in-recycling-glass-bottle-jar-tube-for-skin-care-cleanser-2258699621.jpg
XCRn60a5zd9b8KJQ3L2dA0xFNKxXe1Etv4u4o34D.jpeg,glass_containers,train,C:\Users\GAME\Documents\GitHub\Waste\data\Recyclable\Recyclable\glass_containers\XCRn60a5zd9b8KJQ3L2dA0xFNKxXe1Etv4u4o34D.jpeg
Kavi-Recycled-Vodka-Jars-Set-of-Four-4_800x.jpg,glass_containers,train,C:\Users\GAME\Documents\GitHub\Waste\data\Recyclable\Recyclable\glass_containers\Kavi-Recycled-Vodka-Jars-Set-of-Four-4_800x.jpg
HOW-TO-RE-USE-GLASS-JARS-AND-BOTTLES.jpg,glass_containers,train,C:\Users\GAME\Documents\GitHub\Waste\data\Recyclable\Recyclable\glass_containers\HOW-TO-RE-USE-GLASS-JARS-AND-BOTTLES.jpg
home-glass-packaging-food-beverages-1024x666.jpg,glass_containers,train,C:\Users\GAME\Documents\GitHub\Waste\data\Recyclable\Recyclable\glass_containers\home-glass-packaging-food-beverages-1024x666.jpg
glass_bottles_materials_ff.jpg,glass_containers,train,C:\Users\GAME\Documents\GitHub\Waste\data\Recyclable\Recyclable\glass_containers\glass_bottles_materials_ff.jpg
jar.Cosmeticpetbottle_emptycontainers_acrylicshanjar_acrylicjar_50gmjarglass.jpg,glass_containers,train,C:\Users\GAME\Documents\GitHub\Waste\data\Recyclable\Recyclable\glass_containers\jar.Cosmeticpetbottle_emptycontainers_acrylicshanjar_acrylicjar_50gmjarglass.jpg
44084530822_acb18d4ea4_c-1200x900.jpg,glass_containers,train,C:\Users\GAME\Documents\GitHub\Waste\data\Recyclable\Recyclable\glass_containers\44084530822_acb18d4ea4_c-1200x900.jpg
types-glass-you-can-recycle.png,glass_containers,train,C:\Users\GAME\Documents\GitHub\Waste\data\Recyclable\Recyclable\glass_containers\types-glass-you-can-recycle.png
jar-825x510.jpg,glass_containers,train,C:\Users\GAME\Documents\GitHub\Waste\data\Recyclable\Recyclable\glass_containers\jar-825x510.jpg
pr_473.jpg,glass_containers,train,C:\Users\GAME\Documents\GitHub\Waste\data\Recyclable\Recyclable\glass_containers\pr_473.jpg
China-Kitchen-Storage-Glass-Mason-Jar-in-Bulk-Amber-Spice-Food-Glass-Jar-with-Lid.webp,glass_containers,train,C:\Users\GAME\Documents\GitHub\Waste\data\Recyclable\Recyclable\glass_containers\China-Kitchen-Storage-Glass-Mason-Jar-in-Bulk-Amber-Spice-Food-Glass-Jar-with-Lid.webp
GlassBottleCandles_LuisVillalobos_BuyNothingReston-700x400.jpg,glass_containers,train,C:\Users\GAME\Documents\GitHub\Waste\data\Recyclable\Recyclable\glass_containers\GlassBottleCandles_LuisVillalobos_BuyNothingReston-700x400.jpg
zero-waste-home.jpg.webp,glass_containers,train,C:\Users\GAME\Documents\GitHub\Waste\data\Recyclable\Recyclable\glass_containers\zero-waste-home.jpg.webp
glass-bottle-or-jar.jpg,glass_containers,train,C:\Users\GAME\Documents\GitHub\Waste\data\Recyclable\Recyclable\glass_containers\glass-bottle-or-jar.jpg
GHJ_2005_2400x.jpg,glass_containers,train,C:\Users\GAME\Documents\GitHub\Waste\data\Recyclable\Recyclable\glass_containers\GHJ_2005_2400x.jpg
61UB8QC4wL.jpg,glass_containers,train,C:\Users\GAME\Documents\GitHub\Waste\data\Recyclable\Recyclable\glass_containers\61UB8QC4wL.jpg
Kavi-Recycled-Vodka-Jars-Set-of-Two-2_800x.jpg,glass_containers,train,C:\Users\GAME\Documents\GitHub\Waste\data\Recyclable\Recyclable\glass_containers\Kavi-Recycled-Vodka-Jars-Set-of-Two-2_800x.jpg
81ua-8FccoL._SL1500_.jpg,glass_containers,train,C:\Users\GAME\Documents\GitHub\Waste\data\Recyclable\Recyclable\glass_containers\81ua-8FccoL._SL1500_.jpg
maxresdefault3.jpg,glass_containers,train,C:\Users\GAME\Documents\GitHub\Waste\data\Recyclable\Recyclable\glass_containers\maxresdefault3.jpg
51Jl-pF7VZL.jpg,glass_containers,train,C:\Users\GAME\Documents\GitHub\Waste\data\Recyclable\Recyclable\glass_containers\51Jl-pF7VZL.jpg
cold-end.jpg,glass_containers,train,C:\Users\GAME\Documents\GitHub\Waste\data\Recyclable\Recyclable\glass_containers\cold-end.jpg
ESTAL-WILD-GLASS-1024x576.jpg,glass_containers,train,C:\Users\GAME\Documents\GitHub\Waste\data\Recyclable\Recyclable\glass_containers\ESTAL-WILD-GLASS-1024x576.jpg
soogo-clear-glass-cube-jar-1-l-set-of-2-product-images-o493624711-p599004984-1-202303030341.jpg,glass_containers,train,C:\Users\GAME\Documents\GitHub\Waste\data\Recyclable\Recyclable\glass_containers\soogo-clear-glass-cube-jar-1-l-set-of-2-product-images-o493624711-p599004984-1-202303030341.jpg
Kavi-Transparent-Wine-Bottle-Jar-Set-of-Two.jpg,glass_containers,train,C:\Users\GAME\Documents\GitHub\Waste\data\Recyclable\Recyclable\glass_containers\Kavi-Transparent-Wine-Bottle-Jar-Set-of-Two.jpg
how-to-reuse-glass-bottles-and-jars-og.jpg,glass_containers,train,C:\Users\GAME\Documents\GitHub\Waste\data\Recyclable\Recyclable\glass_containers\how-to-reuse-glass-bottles-and-jars-og.jpg
glass-bottles-and-jars-for-recycling-M3RBBE.jpg,glass_containers,train,C:\Users\GAME\Documents\GitHub\Waste\data\Recyclable\Recyclable\glass_containers\glass-bottles-and-jars-for-recycling-M3RBBE.jpg
DSC07050.jpg,glass_containers,train,C:\Users\GAME\Documents\GitHub\Waste\data\Recyclable\Recyclable\glass_containers\DSC07050.jpg
home-glass-packaging-material-1024x666.jpg,glass_containers,train,C:\Users\GAME\Documents\GitHub\Waste\data\Recyclable\Recyclable\glass_containers\home-glass-packaging-material-1024x666.jpg
late-illustration-jar-glass-canning-close-container-empty-bottle_80590-11487.jpg,glass_containers,train,C:\Users\GAME\Documents\GitHub\Waste\data\Recyclable\Recyclable\glass_containers\late-illustration-jar-glass-canning-close-container-empty-bottle_80590-11487.jpg
800px-Beer_bottles_2018_G1.jpg,glass_containers,train,C:\Users\GAME\Documents\GitHub\Waste\data\Recyclable\Recyclable\glass_containers\800px-Beer_bottles_2018_G1.jpg
YPVkEC63mOKaXzB568IAM1F76mvlZQNocPWa9zjj.jpeg,glass_containers,train,C:\Users\GAME\Documents\GitHub\Waste\data\Recyclable\Recyclable\glass_containers\YPVkEC63mOKaXzB568IAM1F76mvlZQNocPWa9zjj.jpeg
Types-of-Packaging-Glass-Bottles-Feature-Image.jpg,glass_containers,train,C:\Users\GAME\Documents\GitHub\Waste\data\Recyclable\Recyclable\glass_containers\Types-of-Packaging-Glass-Bottles-Feature-Image.jpg
Best-out-of-waste-ideas-to-decorate-your-home.jpg,glass_containers,train,C:\Users\GAME\Documents\GitHub\Waste\data\Recyclable\Recyclable\glass_containers\Best-out-of-waste-ideas-to-decorate-your-home.jpg
634e4f17051e7764aa233984-25ml-empty-seal-jars-glass-bottle-with.jpg,glass_containers,train,C:\Users\GAME\Documents\GitHub\Waste\data\Recyclable\Recyclable\glass_containers\634e4f17051e7764aa233984-25ml-empty-seal-jars-glass-bottle-with.jpg
recycled-crafts-decorating-glass-jars.jpg,glass_containers,train,C:\Users\GAME\Documents\GitHub\Waste\data\Recyclable\Recyclable\glass_containers\recycled-crafts-decorating-glass-jars.jpg
-grass-recycling-garbage-disposal-environment-ecology-concept-used-237382994.jpg,glass_containers,train,C:\Users\GAME\Documents\GitHub\Waste\data\Recyclable\Recyclable\glass_containers\-grass-recycling-garbage-disposal-environment-ecology-concept-used-237382994.jpg
MP000000008225078_1348Wx2000H_202011202358181.jpeg,glass_containers,train,C:\Users\GAME\Documents\GitHub\Waste\data\Recyclable\Recyclable\glass_containers\MP000000008225078_1348Wx2000H_202011202358181.jpeg
-jar-transparency-and-translucency-glass-jar-empty-clear-glass-jar-glass-lid.png,glass_containers,train,C:\Users\GAME\Documents\GitHub\Waste\data\Recyclable\Recyclable\glass_containers\-jar-transparency-and-translucency-glass-jar-empty-clear-glass-jar-glass-lid.png
25-25ml-small-mini-glass-bottles-jars-with-cork-stoppers-3pcs-original-imafd49zby3yrj7u.jpeg,glass_containers,train,C:\Users\GAME\Documents\GitHub\Waste\data\Recyclable\Recyclable\glass_containers\25-25ml-small-mini-glass-bottles-jars-with-cork-stoppers-3pcs-original-imafd49zby3yrj7u.jpeg
500-GM-SQ-FANCY-scaled-e1674476779127.jpg,glass_containers,train,C:\Users\GAME\Documents\GitHub\Waste\data\Recyclable\Recyclable\glass_containers\500-GM-SQ-FANCY-scaled-e1674476779127.jpg
71EBQt8XvtL._AC_UF10001000_QL80_.jpg,glass_containers,train,C:\Users\GAME\Documents\GitHub\Waste\data\Recyclable\Recyclable\glass_containers\71EBQt8XvtL._AC_UF10001000_QL80_.jpg
repurposed-glass-jars-on-a-counter-upcycling.jpg,glass_containers,train,C:\Users\GAME\Documents\GitHub\Waste\data\Recyclable\Recyclable\glass_containers\repurposed-glass-jars-on-a-counter-upcycling.jpg
korken-jar-with-lid-clear-glass__0171898_pe306756_s5.jpg,glass_containers,train,C:\Users\GAME\Documents\GitHub\Waste\data\Recyclable\Recyclable\glass_containers\korken-jar-with-lid-clear-glass__0171898_pe306756_s5.jpg
jam-1106592_960_720.jpg,glass_containers,train,C:\Users\GAME\Documents\GitHub\Waste\data\Recyclable\Recyclable\glass_containers\jam-1106592_960_720.jpg
pros-and-cons-glass-vs-plastic.png,glass_containers,train,C:\Users\GAME\Documents\GitHub\Waste\data\Recyclable\Recyclable\glass_containers\pros-and-cons-glass-vs-plastic.png
-1117Wx1400H-464161823-clear-MODEL.jpg,glass_containers,train,C:\Users\GAME\Documents\GitHub\Waste\data\Recyclable\Recyclable\glass_containers\-1117Wx1400H-464161823-clear-MODEL.jpg
my-borosil-storage-jars-600-ml-classic-jar-with-wooden-lid-31556757061770.jpg,glass_containers,train,C:\Users\GAME\Documents\GitHub\Waste\data\Recyclable\Recyclable\glass_containers\my-borosil-storage-jars-600-ml-classic-jar-with-wooden-lid-31556757061770.jpg
431275_l.jpg,glass_containers,train,C:\Users\GAME\Documents\GitHub\Waste\data\Recyclable\Recyclable\glass_containers\431275_l.jpg
korken-jar-with-lid-clear-glass__1059754_pe849771_s5.jpg,glass_containers,train,C:\Users\GAME\Documents\GitHub\Waste\data\Recyclable\Recyclable\glass_containers\korken-jar-with-lid-clear-glass__1059754_pe849771_s5.jpg
61yOCnlgOLL._SL1500_-1.jpg,glass_containers,train,C:\Users\GAME\Documents\GitHub\Waste\data\Recyclable\Recyclable\glass_containers\61yOCnlgOLL._SL1500_-1.jpg
soogo-clear-glass-cube-jar-580-ml-set-of-3-product-images-o492867151-p597681808-1-202301181840.jpg,glass_containers,train,C:\Users\GAME\Documents\GitHub\Waste\data\Recyclable\Recyclable\glass_containers\soogo-clear-glass-cube-jar-580-ml-set-of-3-product-images-o492867151-p597681808-1-202301181840.jpg
Header-Image-1-1200x838.png,glass_containers,train,C:\Users\GAME\Documents\GitHub\Waste\data\Recyclable\Recyclable\glass_containers\Header-Image-1-1200x838.png
korken-bottle-shaped-jar-with-lid-clear-glass__1152252_pe885219_s5.jpg,glass_containers,train,C:\Users\GAME\Documents\GitHub\Waste\data\Recyclable\Recyclable\glass_containers\korken-bottle-shaped-jar-with-lid-clear-glass__1152252_pe885219_s5.jpg
glass-recycling-header.jpg,glass_containers,train,C:\Users\GAME\Documents\GitHub\Waste\data\Recyclable\Recyclable\glass_containers\glass-recycling-header.jpg
ttles-and-jars-glass-waste-empty-bottles-isolated-on-white-background-vector.jpg,glass_containers,train,C:\Users\GAME\Documents\GitHub\Waste\data\Recyclable\Recyclable\glass_containers\ttles-and-jars-glass-waste-empty-bottles-isolated-on-white-background-vector.jpg
61APfOjOwNL.jpg,glass_containers,train,C:\Users\GAME\Documents\GitHub\Waste\data\Recyclable\Recyclable\glass_containers\61APfOjOwNL.jpg
DemHuJ-W0AAARkM.jpg,kitchen_waste,train,C:\Users\GAME\Documents\GitHub\Waste\data\Organic\Organic\kitchen_waste\DemHuJ-W0AAARkM.jpg
compost-food-waste.jpg,kitchen_waste,train,C:\Users\GAME\Documents\GitHub\Waste\data\Organic\Organic\kitchen_waste\compost-food-waste.jpg
composting-kitchen-waste.jpg,kitchen_waste,train,C:\Users\GAME\Documents\GitHub\Waste\data\Organic\Organic\kitchen_waste\composting-kitchen-waste.jpg
vegan20books20indybest20copy.jpg,kitchen_waste,train,C:\Users\GAME\Documents\GitHub\Waste\data\Organic\Organic\kitchen_waste\vegan20books20indybest20copy.jpg
foodwaste_custom-419d4cfb36e0fc8ed48fe293b8c1d2bb6aba670d.jpg,kitchen_waste,train,C:\Users\GAME\Documents\GitHub\Waste\data\Organic\Organic\kitchen_waste\foodwaste_custom-419d4cfb36e0fc8ed48fe293b8c1d2bb6aba670d.jpg
jovitaaranha_bluru_cooking_gas_from_waste.jpg,kitchen_waste,train,C:\Users\GAME\Documents\GitHub\Waste\data\Organic\Organic\kitchen_waste\jovitaaranha_bluru_cooking_gas_from_waste.jpg
IMG_2699.jpg,kitchen_waste,train,C:\Users\GAME\Documents\GitHub\Waste\data\Organic\Organic\kitchen_waste\IMG_2699.jpg
sustainability-12-01976-g001.png,kitchen_waste,train,C:\Users\GAME\Documents\GitHub\Waste\data\Organic\Organic\kitchen_waste\sustainability-12-01976-g001.png
FoodWasteComposting_800x800_01.png,kitchen_waste,train,C:\Users\GAME\Documents\GitHub\Waste\data\Organic\Organic\kitchen_waste\FoodWasteComposting_800x800_01.png
9f869208aab05e7a_800x800ar.jpg,kitchen_waste,train,C:\Users\GAME\Documents\GitHub\Waste\data\Organic\Organic\kitchen_waste\9f869208aab05e7a_800x800ar.jpg
iStock-1179964582.jpg,kitchen_waste,train,C:\Users\GAME\Documents\GitHub\Waste\data\Organic\Organic\kitchen_waste\iStock-1179964582.jpg
compost-food-waste-732x549-thumbnail.jpg,kitchen_waste,train,C:\Users\GAME\Documents\GitHub\Waste\data\Organic\Organic\kitchen_waste\compost-food-waste-732x549-thumbnail.jpg
Organic-waste-to-wealth.jpg,kitchen_waste,train,C:\Users\GAME\Documents\GitHub\Waste\data\Organic\Organic\kitchen_waste\Organic-waste-to-wealth.jpg
te-Vegan-Meal-Plan-Digital-Recipe-Book-Plant-based-recipes-zero-waste-living.png,kitchen_waste,train,C:\Users\GAME\Documents\GitHub\Waste\data\Organic\Organic\kitchen_waste\te-Vegan-Meal-Plan-Digital-Recipe-Book-Plant-based-recipes-zero-waste-living.png
vegan-plant-based-protein-food-waste-solution-header.png,kitchen_waste,train,C:\Users\GAME\Documents\GitHub\Waste\data\Organic\Organic\kitchen_waste\vegan-plant-based-protein-food-waste-solution-header.png
Plant-based-functional-food-ingredients-scrutinised-in-Pro-Enrich-project.jpg,kitchen_waste,train,C:\Users\GAME\Documents\GitHub\Waste\data\Organic\Organic\kitchen_waste\Plant-based-functional-food-ingredients-scrutinised-in-Pro-Enrich-project.jpg
pests-to-pets-the-future-of-food-and-feed-may-depend-on-insects.jpg,kitchen_waste,train,C:\Users\GAME\Documents\GitHub\Waste\data\Organic\Organic\kitchen_waste\pests-to-pets-the-future-of-food-and-feed-may-depend-on-insects.jpg
healthy-food-eating-groceries-1200x628-facebook.jpg,kitchen_waste,train,C:\Users\GAME\Documents\GitHub\Waste\data\Organic\Organic\kitchen_waste\healthy-food-eating-groceries-1200x628-facebook.jpg
ro-waste-packaging-fresh-raw-food-seasonal-vegetables-home-kitchen-176734460.jpg,kitchen_waste,train,C:\Users\GAME\Documents\GitHub\Waste\data\Organic\Organic\kitchen_waste\ro-waste-packaging-fresh-raw-food-seasonal-vegetables-home-kitchen-176734460.jpg
kitchen-compost.jpg,kitchen_waste,train,C:\Users\GAME\Documents\GitHub\Waste\data\Organic\Organic\kitchen_waste\kitchen-compost.jpg
scandinavian-kitchen.jpg,kitchen_waste,train,C:\Users\GAME\Documents\GitHub\Waste\data\Organic\Organic\kitchen_waste\scandinavian-kitchen.jpg
food_waste_750.jpg,kitchen_waste,train,C:\Users\GAME\Documents\GitHub\Waste\data\Organic\Organic\kitchen_waste\food_waste_750.jpg
food-webinar-1-1024x558.jpeg,kitchen_waste,train,C:\Users\GAME\Documents\GitHub\Waste\data\Organic\Organic\kitchen_waste\food-webinar-1-1024x558.jpeg
making-organic-fertilizer-from-kitchen-waste-and-vegetable-waste-2C8427C.jpg,kitchen_waste,train,C:\Users\GAME\Documents\GitHub\Waste\data\Organic\Organic\kitchen_waste\making-organic-fertilizer-from-kitchen-waste-and-vegetable-waste-2C8427C.jpg
waste-segregation.jpg,kitchen_waste,train,C:\Users\GAME\Documents\GitHub\Waste\data\Organic\Organic\kitchen_waste\waste-segregation.jpg
11062b_3e2f304708c04f77b4a2eb0de9a532e1mv2.jpg,kitchen_waste,train,C:\Users\GAME\Documents\GitHub\Waste\data\Organic\Organic\kitchen_waste\11062b_3e2f304708c04f77b4a2eb0de9a532e1mv2.jpg
dfh17may072-2-shutterstock_277774175.jpg,kitchen_waste,train,C:\Users\GAME\Documents\GitHub\Waste\data\Organic\Organic\kitchen_waste\dfh17may072-2-shutterstock_277774175.jpg
PepsiCo-India-pilots-plant-based-packaging-to-address-plastic-waste.jpg,kitchen_waste,train,C:\Users\GAME\Documents\GitHub\Waste\data\Organic\Organic\kitchen_waste\PepsiCo-India-pilots-plant-based-packaging-to-address-plastic-waste.jpg
large-6wJiZ2axa3SGf0D7REkk.jpg,kitchen_waste,train,C:\Users\GAME\Documents\GitHub\Waste\data\Organic\Organic\kitchen_waste\large-6wJiZ2axa3SGf0D7REkk.jpg
environmental-impacts-of-a-year-of-wasted-food_0.png,kitchen_waste,train,C:\Users\GAME\Documents\GitHub\Waste\data\Organic\Organic\kitchen_waste\environmental-impacts-of-a-year-of-wasted-food_0.png
Food-Waste-based-Bio-gas-Plant-1.png,kitchen_waste,train,C:\Users\GAME\Documents\GitHub\Waste\data\Organic\Organic\kitchen_waste\Food-Waste-based-Bio-gas-Plant-1.png
waste20ryc.png,kitchen_waste,train,C:\Users\GAME\Documents\GitHub\Waste\data\Organic\Organic\kitchen_waste\waste20ryc.png
p084qtwc.jpg,kitchen_waste,train,C:\Users\GAME\Documents\GitHub\Waste\data\Organic\Organic\kitchen_waste\p084qtwc.jpg
Pic2-7.jpg,kitchen_waste,train,C:\Users\GAME\Documents\GitHub\Waste\data\Organic\Organic\kitchen_waste\Pic2-7.jpg
archives-ewaste-one_one.jpg,kitchen_waste,train,C:\Users\GAME\Documents\GitHub\Waste\data\Organic\Organic\kitchen_waste\archives-ewaste-one_one.jpg
hq720.jpg,kitchen_waste,train,C:\Users\GAME\Documents\GitHub\Waste\data\Organic\Organic\kitchen_waste\hq720.jpg
img_5e753bd9d6549-1.jpg,kitchen_waste,train,C:\Users\GAME\Documents\GitHub\Waste\data\Organic\Organic\kitchen_waste\img_5e753bd9d6549-1.jpg
vg2c00050_0006.jpeg,kitchen_waste,train,C:\Users\GAME\Documents\GitHub\Waste\data\Organic\Organic\kitchen_waste\vg2c00050_0006.jpeg
home-composting-of-kitchen-waste.jpg,kitchen_waste,train,C:\Users\GAME\Documents\GitHub\Waste\data\Organic\Organic\kitchen_waste\home-composting-of-kitchen-waste.jpg
compost-food-waste-1200x628-facebook.jpg,kitchen_waste,train,C:\Users\GAME\Documents\GitHub\Waste\data\Organic\Organic\kitchen_waste\compost-food-waste-1200x628-facebook.jpg
chennai-geetha-home-compost-ready-PADMAJAJ-Jul-2022.jpeg,kitchen_waste,train,C:\Users\GAME\Documents\GitHub\Waste\data\Organic\Organic\kitchen_waste\chennai-geetha-home-compost-ready-PADMAJAJ-Jul-2022.jpeg
caec53fd447ffe42bd17749e343aaf51.jpg,kitchen_waste,train,C:\Users\GAME\Documents\GitHub\Waste\data\Organic\Organic\kitchen_waste\caec53fd447ffe42bd17749e343aaf51.jpg
maxresdefault4.jpg,kitchen_waste,train,C:\Users\GAME\Documents\GitHub\Waste\data\Organic\Organic\kitchen_waste\maxresdefault4.jpg
contaminated-plastic-food-packaging.jpg,kitchen_waste,train,C:\Users\GAME\Documents\GitHub\Waste\data\Organic\Organic\kitchen_waste\contaminated-plastic-food-packaging.jpg
1622878634889.png,kitchen_waste,train,C:\Users\GAME\Documents\GitHub\Waste\data\Organic\Organic\kitchen_waste\1622878634889.png
1-s2.0-S2666833521000526-gr1.jpg,kitchen_waste,train,C:\Users\GAME\Documents\GitHub\Waste\data\Organic\Organic\kitchen_waste\1-s2.0-S2666833521000526-gr1.jpg
Eco_friendly_bulk_food_shopping_bags_940x.jpg,kitchen_waste,train,C:\Users\GAME\Documents\GitHub\Waste\data\Organic\Organic\kitchen_waste\Eco_friendly_bulk_food_shopping_bags_940x.jpg
maxresdefault2.jpg,kitchen_waste,train,C:\Users\GAME\Documents\GitHub\Waste\data\Organic\Organic\kitchen_waste\maxresdefault2.jpg
garbage-hero.png,kitchen_waste,train,C:\Users\GAME\Documents\GitHub\Waste\data\Organic\Organic\kitchen_waste\garbage-hero.png
13399_2022_2473_Fig1_HTML.png,kitchen_waste,train,C:\Users\GAME\Documents\GitHub\Waste\data\Organic\Organic\kitchen_waste\13399_2022_2473_Fig1_HTML.png
chennai-3bin-set-up-home-compost-PADMAJAJ-Jul-2022.jpeg,kitchen_waste,train,C:\Users\GAME\Documents\GitHub\Waste\data\Organic\Organic\kitchen_waste\chennai-3bin-set-up-home-compost-PADMAJAJ-Jul-2022.jpeg
Screen_Shot_2022-11-07_at_11.19.24_PM_480x480.png,kitchen_waste,train,C:\Users\GAME\Documents\GitHub\Waste\data\Organic\Organic\kitchen_waste\Screen_Shot_2022-11-07_at_11.19.24_PM_480x480.png
plantbased-ingredient.jpeg,kitchen_waste,train,C:\Users\GAME\Documents\GitHub\Waste\data\Organic\Organic\kitchen_waste\plantbased-ingredient.jpeg
6106-05977845a_2400x1600.jpg.jpg,kitchen_waste,train,C:\Users\GAME\Documents\GitHub\Waste\data\Organic\Organic\kitchen_waste\6106-05977845a_2400x1600.jpg.jpg
vegetable-waste-infographics.jpg,kitchen_waste,train,C:\Users\GAME\Documents\GitHub\Waste\data\Organic\Organic\kitchen_waste\vegetable-waste-infographics.jpg
0503070015-01-Kitchen-Waste-Compost.jpg,kitchen_waste,train,C:\Users\GAME\Documents\GitHub\Waste\data\Organic\Organic\kitchen_waste\0503070015-01-Kitchen-Waste-Compost.jpg
bddbe14e-8b47-4719-914b-e0a4a0eb3c71_22028229.jpg,kitchen_waste,train,C:\Users\GAME\Documents\GitHub\Waste\data\Organic\Organic\kitchen_waste\bddbe14e-8b47-4719-914b-e0a4a0eb3c71_22028229.jpg
Articleheader_Dora.jpg,kitchen_waste,train,C:\Users\GAME\Documents\GitHub\Waste\data\Organic\Organic\kitchen_waste\Articleheader_Dora.jpg
how-to-compost-at-home.jpg,kitchen_waste,train,C:\Users\GAME\Documents\GitHub\Waste\data\Organic\Organic\kitchen_waste\how-to-compost-at-home.jpg
organic-garden-fertilizer-biodegradable-kitchen-waste-composting-food-leftovers-banner-2FN46K6.jpg,kitchen_waste,train,C:\Users\GAME\Documents\GitHub\Waste\data\Organic\Organic\kitchen_waste\organic-garden-fertilizer-biodegradable-kitchen-waste-composting-food-leftovers-banner-2FN46K6.jpg
foodwaste-683x1024.jpg,kitchen_waste,train,C:\Users\GAME\Documents\GitHub\Waste\data\Organic\Organic\kitchen_waste\foodwaste-683x1024.jpg
p0dq9blh.jpg,kitchen_waste,train,C:\Users\GAME\Documents\GitHub\Waste\data\Organic\Organic\kitchen_waste\p0dq9blh.jpg
91CyPH9P6NL._AC_UF10001000_QL80_.jpg,kitchen_waste,train,C:\Users\GAME\Documents\GitHub\Waste\data\Organic\Organic\kitchen_waste\91CyPH9P6NL._AC_UF10001000_QL80_.jpg
Blue-Tribe-and-Myprotein-Join-Hands-for-Plant-Based-Breakfast-Recipes.jpg,kitchen_waste,train,C:\Users\GAME\Documents\GitHub\Waste\data\Organic\Organic\kitchen_waste\Blue-Tribe-and-Myprotein-Join-Hands-for-Plant-Based-Breakfast-Recipes.jpg
johnny-mcclung-702726-unsplash.jpg,kitchen_waste,train,C:\Users\GAME\Documents\GitHub\Waste\data\Organic\Organic\kitchen_waste\johnny-mcclung-702726-unsplash.jpg
content13101.jpg,kitchen_waste,train,C:\Users\GAME\Documents\GitHub\Waste\data\Organic\Organic\kitchen_waste\content13101.jpg
1200px-Trashed_vegetables_in_Luxembourg.jpeg,kitchen_waste,train,C:\Users\GAME\Documents\GitHub\Waste\data\Organic\Organic\kitchen_waste\1200px-Trashed_vegetables_in_Luxembourg.jpeg
which-diet-least-food-waste-lead-image.jpg,kitchen_waste,train,C:\Users\GAME\Documents\GitHub\Waste\data\Organic\Organic\kitchen_waste\which-diet-least-food-waste-lead-image.jpg
Start-up-upcycles-liquid-food-waste-into-plant-based-cheese.jpg,kitchen_waste,train,C:\Users\GAME\Documents\GitHub\Waste\data\Organic\Organic\kitchen_waste\Start-up-upcycles-liquid-food-waste-into-plant-based-cheese.jpg
d-prepared-with-tomatoes-cucumber-paper-bowl-zero-waste-dishware_118631-3969.jpg,kitchen_waste,train,C:\Users\GAME\Documents\GitHub\Waste\data\Organic\Organic\kitchen_waste\d-prepared-with-tomatoes-cucumber-paper-bowl-zero-waste-dishware_118631-3969.jpg
81bpgkUi5qL._AC_UF8941000_QL80_.jpg,kitchen_waste,train,C:\Users\GAME\Documents\GitHub\Waste\data\Organic\Organic\kitchen_waste\81bpgkUi5qL._AC_UF8941000_QL80_.jpg
Trashed_vegetables_in_Luxembourg.jpeg,kitchen_waste,train,C:\Users\GAME\Documents\GitHub\Waste\data\Organic\Organic\kitchen_waste\Trashed_vegetables_in_Luxembourg.jpeg
Untitled-design-5-2-770x433.jpg,kitchen_waste,train,C:\Users\GAME\Documents\GitHub\Waste\data\Organic\Organic\kitchen_waste\Untitled-design-5-2-770x433.jpg
Food-Waste-Management--scaled.jpg,kitchen_waste,train,C:\Users\GAME\Documents\GitHub\Waste\data\Organic\Organic\kitchen_waste\Food-Waste-Management--scaled.jpg
p0dq9c0j.jpg,kitchen_waste,train,C:\Users\GAME\Documents\GitHub\Waste\data\Organic\Organic\kitchen_waste\p0dq9c0j.jpg
Comparison-of-the-food-waste-estimated-using-the-MFA-approach-for-different-food-groups.png,kitchen_waste,train,C:\Users\GAME\Documents\GitHub\Waste\data\Organic\Organic\kitchen_waste\Comparison-of-the-food-waste-estimated-using-the-MFA-approach-for-different-food-groups.png
ImageForArticle_1068_15838554769721277.png,kitchen_waste,train,C:\Users\GAME\Documents\GitHub\Waste\data\Organic\Organic\kitchen_waste\ImageForArticle_1068_15838554769721277.png
YMXAVDT77NLGDJWI7GD4ZTHA6E.jpg,kitchen_waste,train,C:\Users\GAME\Documents\GitHub\Waste\data\Organic\Organic\kitchen_waste\YMXAVDT77NLGDJWI7GD4ZTHA6E.jpg
chennai-geetha-terrace-garden-PADMAJAJ-Jul-2022.jpeg,kitchen_waste,train,C:\Users\GAME\Documents\GitHub\Waste\data\Organic\Organic\kitchen_waste\chennai-geetha-terrace-garden-PADMAJAJ-Jul-2022.jpeg
intro-1644823869.jpg,kitchen_waste,train,C:\Users\GAME\Documents\GitHub\Waste\data\Organic\Organic\kitchen_waste\intro-1644823869.jpg
IMG_1527-1024x668.jpg,paints,train,C:\Users\GAME\Documents\GitHub\Waste\data\Hazardous\Hazardous\paints\IMG_1527-1024x668.jpg
Mineral-Spirits-vs.-Paint-Thinner-Mineral-Spirits-are-More-Effective.jpg,paints,train,C:\Users\GAME\Documents\GitHub\Waste\data\Hazardous\Hazardous\paints\Mineral-Spirits-vs.-Paint-Thinner-Mineral-Spirits-are-More-Effective.jpg
Imagen-Ecobiofor.jpg,paints,train,C:\Users\GAME\Documents\GitHub\Waste\data\Hazardous\Hazardous\paints\Imagen-Ecobiofor.jpg
006827571_1-ee962a21b5d2673a4c1f0ed05d640bb6.png,paints,train,C:\Users\GAME\Documents\GitHub\Waste\data\Hazardous\Hazardous\paints\006827571_1-ee962a21b5d2673a4c1f0ed05d640bb6.png
Water-Based-Paints-vs-Solvent-Based-Paints.jpg,paints,train,C:\Users\GAME\Documents\GitHub\Waste\data\Hazardous\Hazardous\paints\Water-Based-Paints-vs-Solvent-Based-Paints.jpg
paintcans_Depositphotos_20131433_s-2019.jpg,paints,train,C:\Users\GAME\Documents\GitHub\Waste\data\Hazardous\Hazardous\paints\paintcans_Depositphotos_20131433_s-2019.jpg
paint-thinner.jpg,paints,train,C:\Users\GAME\Documents\GitHub\Waste\data\Hazardous\Hazardous\paints\paint-thinner.jpg
15-new.jpg,paints,train,C:\Users\GAME\Documents\GitHub\Waste\data\Hazardous\Hazardous\paints\15-new.jpg
8.jpg,paints,train,C:\Users\GAME\Documents\GitHub\Waste\data\Hazardous\Hazardous\paints\8.jpg
Composition-of-Solvent-borne-Paints.png,paints,train,C:\Users\GAME\Documents\GitHub\Waste\data\Hazardous\Hazardous\paints\Composition-of-Solvent-borne-Paints.png
household-hazardous-wastes.jpg,paints,train,C:\Users\GAME\Documents\GitHub\Waste\data\Hazardous\Hazardous\paints\household-hazardous-wastes.jpg
oil-painting-without-solvents.jpg,paints,train,C:\Users\GAME\Documents\GitHub\Waste\data\Hazardous\Hazardous\paints\oil-painting-without-solvents.jpg
IMG_2667-scaled.jpeg,paints,train,C:\Users\GAME\Documents\GitHub\Waste\data\Hazardous\Hazardous\paints\IMG_2667-scaled.jpeg
aerosol_170164178_small-250x167.jpg,paints,train,C:\Users\GAME\Documents\GitHub\Waste\data\Hazardous\Hazardous\paints\aerosol_170164178_small-250x167.jpg
200x177-hazardous-waste-items.jpg,paints,train,C:\Users\GAME\Documents\GitHub\Waste\data\Hazardous\Hazardous\paints\200x177-hazardous-waste-items.jpg
Paint-Thinners.jpg,paints,train,C:\Users\GAME\Documents\GitHub\Waste\data\Hazardous\Hazardous\paints\Paint-Thinners.jpg
various-tins-of-paint-solvents-stirrers-in-a-tidy-collection-on-the-E565YW.jpg,paints,train,C:\Users\GAME\Documents\GitHub\Waste\data\Hazardous\Hazardous\paints\various-tins-of-paint-solvents-stirrers-in-a-tidy-collection-on-the-E565YW.jpg
18109287.jpg,paints,train,C:\Users\GAME\Documents\GitHub\Waste\data\Hazardous\Hazardous\paints\18109287.jpg
7EA97D7B-0886-4E16-85DB-2F3BBAC680DA.jpeg,paints,train,C:\Users\GAME\Documents\GitHub\Waste\data\Hazardous\Hazardous\paints\7EA97D7B-0886-4E16-85DB-2F3BBAC680DA.jpeg
Screen-Shot-2022-09-22-at-12.37.23-PM-568x400.png,paints,train,C:\Users\GAME\Documents\GitHub\Waste\data\Hazardous\Hazardous\paints\Screen-Shot-2022-09-22-at-12.37.23-PM-568x400.png
thinning-oil-paint-feature-image.jpg,paints,train,C:\Users\GAME\Documents\GitHub\Waste\data\Hazardous\Hazardous\paints\thinning-oil-paint-feature-image.jpg
AdobeStock_210581916.jpeg,paints,train,C:\Users\GAME\Documents\GitHub\Waste\data\Hazardous\Hazardous\paints\AdobeStock_210581916.jpeg
rulesofoilpainting1-carrielewis.jpg,paints,train,C:\Users\GAME\Documents\GitHub\Waste\data\Hazardous\Hazardous\paints\rulesofoilpainting1-carrielewis.jpg
paint-cans-household-hazardous-waste.jpg,paints,train,C:\Users\GAME\Documents\GitHub\Waste\data\Hazardous\Hazardous\paints\paint-cans-household-hazardous-waste.jpg
paints-1-39fk2i757nrqtbo10u9845vnea4dhzvgtaw3aajb7a97m9zv4.jpg,paints,train,C:\Users\GAME\Documents\GitHub\Waste\data\Hazardous\Hazardous\paints\paints-1-39fk2i757nrqtbo10u9845vnea4dhzvgtaw3aajb7a97m9zv4.jpg
NOVDEC18_WEB_Science-Chemicals_AdobeStock_175995879_Creid-makcoud.jpg,paints,train,C:\Users\GAME\Documents\GitHub\Waste\data\Hazardous\Hazardous\paints\NOVDEC18_WEB_Science-Chemicals_AdobeStock_175995879_Creid-makcoud.jpg
uipment-for-Waste-Oil-Solvents-Sludge-Ash-Dust-Iron-Paint-Burning-Treatment.webp,paints,train,C:\Users\GAME\Documents\GitHub\Waste\data\Hazardous\Hazardous\paints\uipment-for-Waste-Oil-Solvents-Sludge-Ash-Dust-Iron-Paint-Burning-Treatment.webp
page_1.jpg,paints,train,C:\Users\GAME\Documents\GitHub\Waste\data\Hazardous\Hazardous\paints\page_1.jpg
40494_2020_388_Fig1_HTML.png,paints,train,C:\Users\GAME\Documents\GitHub\Waste\data\Hazardous\Hazardous\paints\40494_2020_388_Fig1_HTML.png
391w_e-waste-2049017_1280.jpg,paints,train,C:\Users\GAME\Documents\GitHub\Waste\data\Hazardous\Hazardous\paints\391w_e-waste-2049017_1280.jpg
North_Seattle_Household_Hazardous_Waste_Collection_Facility_01.jpg,paints,train,C:\Users\GAME\Documents\GitHub\Waste\data\Hazardous\Hazardous\paints\North_Seattle_Household_Hazardous_Waste_Collection_Facility_01.jpg
51AhrzGd8gL._AC_UF8941000_QL80_.jpg,paints,train,C:\Users\GAME\Documents\GitHub\Waste\data\Hazardous\Hazardous\paints\51AhrzGd8gL._AC_UF8941000_QL80_.jpg
3021738.JPG.jpg,paints,train,C:\Users\GAME\Documents\GitHub\Waste\data\Hazardous\Hazardous\paints\3021738.JPG.jpg
coschemicalcleanout-222.jpg,paints,train,C:\Users\GAME\Documents\GitHub\Waste\data\Hazardous\Hazardous\paints\coschemicalcleanout-222.jpg
CONTGLAS.jpg,paints,train,C:\Users\GAME\Documents\GitHub\Waste\data\Hazardous\Hazardous\paints\CONTGLAS.jpg
WASTE-SERVICES-Paints-466x250-480w.jpg,paints,train,C:\Users\GAME\Documents\GitHub\Waste\data\Hazardous\Hazardous\paints\WASTE-SERVICES-Paints-466x250-480w.jpg
CRL-new-header-pics-14-1024x384.png,paints,train,C:\Users\GAME\Documents\GitHub\Waste\data\Hazardous\Hazardous\paints\CRL-new-header-pics-14-1024x384.png
Mixed_Brand_Solvents_Atmos_3.jpg,paints,train,C:\Users\GAME\Documents\GitHub\Waste\data\Hazardous\Hazardous\paints\Mixed_Brand_Solvents_Atmos_3.jpg
White-Spirit-1200x1200px.png,paints,train,C:\Users\GAME\Documents\GitHub\Waste\data\Hazardous\Hazardous\paints\White-Spirit-1200x1200px.png
buckets-with-paint-dirty-glass-jars-brushes-spray-gun-solvents-and-other-art-supplies-2R3WH8J.jpg,paints,train,C:\Users\GAME\Documents\GitHub\Waste\data\Hazardous\Hazardous\paints\buckets-with-paint-dirty-glass-jars-brushes-spray-gun-solvents-and-other-art-supplies-2R3WH8J.jpg
page_image.jpg,paints,train,C:\Users\GAME\Documents\GitHub\Waste\data\Hazardous\Hazardous\paints\page_image.jpg
14580596996402728873807_600.jpg,paints,train,C:\Users\GAME\Documents\GitHub\Waste\data\Hazardous\Hazardous\paints\14580596996402728873807_600.jpg
How-Water-based-paints-is-better-when-wompared-with-solvent-based-paints-1024x640.jpg,paints,train,C:\Users\GAME\Documents\GitHub\Waste\data\Hazardous\Hazardous\paints\How-Water-based-paints-is-better-when-wompared-with-solvent-based-paints-1024x640.jpg
The-oil-painters-guide.jpg,paints,train,C:\Users\GAME\Documents\GitHub\Waste\data\Hazardous\Hazardous\paints\The-oil-painters-guide.jpg
maxresdefault.jpg,paints,train,C:\Users\GAME\Documents\GitHub\Waste\data\Hazardous\Hazardous\paints\maxresdefault.jpg
5350017_image_2_46.jpg,paints,train,C:\Users\GAME\Documents\GitHub\Waste\data\Hazardous\Hazardous\paints\5350017_image_2_46.jpg
shutterstock_705650794-scaled-e1651069725819.jpg,paints,train,C:\Users\GAME\Documents\GitHub\Waste\data\Hazardous\Hazardous\paints\shutterstock_705650794-scaled-e1651069725819.jpg
PlasticWaste_topNteaser.jpg,paints,train,C:\Users\GAME\Documents\GitHub\Waste\data\Hazardous\Hazardous\paints\PlasticWaste_topNteaser.jpg
household-hazardous-waste.jpg,paints,train,C:\Users\GAME\Documents\GitHub\Waste\data\Hazardous\Hazardous\paints\household-hazardous-waste.jpg
81YecOeujXL._AC_SL1500_.jpg,paints,train,C:\Users\GAME\Documents\GitHub\Waste\data\Hazardous\Hazardous\paints\81YecOeujXL._AC_SL1500_.jpg
Paints-Varnishes-Hero.jpg,paints,train,C:\Users\GAME\Documents\GitHub\Waste\data\Hazardous\Hazardous\paints\Paints-Varnishes-Hero.jpg
HouseholdHazWaste.jpg,paints,train,C:\Users\GAME\Documents\GitHub\Waste\data\Hazardous\Hazardous\paints\HouseholdHazWaste.jpg
Paint-Solvents-and-Thinners.jpg,paints,train,C:\Users\GAME\Documents\GitHub\Waste\data\Hazardous\Hazardous\paints\Paint-Solvents-and-Thinners.jpg
IMG_2666-scaled.jpeg,paints,train,C:\Users\GAME\Documents\GitHub\Waste\data\Hazardous\Hazardous\paints\IMG_2666-scaled.jpeg
10123-cover-barrel.jpg,paints,train,C:\Users\GAME\Documents\GitHub\Waste\data\Hazardous\Hazardous\paints\10123-cover-barrel.jpg
Recycled_solvent_or_virgin_maratek-881x588.jpg,paints,train,C:\Users\GAME\Documents\GitHub\Waste\data\Hazardous\Hazardous\paints\Recycled_solvent_or_virgin_maratek-881x588.jpg
41LxYlhuRLL._AC_UF10001000_QL80_.jpg,paints,train,C:\Users\GAME\Documents\GitHub\Waste\data\Hazardous\Hazardous\paints\41LxYlhuRLL._AC_UF10001000_QL80_.jpg
page_image2.jpg,paints,train,C:\Users\GAME\Documents\GitHub\Waste\data\Hazardous\Hazardous\paints\page_image2.jpg
how-to-dispose-of-aerosol-cans-safely-header.jpg,paints,train,C:\Users\GAME\Documents\GitHub\Waste\data\Hazardous\Hazardous\paints\how-to-dispose-of-aerosol-cans-safely-header.jpg
used_paint_cans.jpg,paints,train,C:\Users\GAME\Documents\GitHub\Waste\data\Hazardous\Hazardous\paints\used_paint_cans.jpg
p1dnoa0gj61o916ae19thirg155k6.jpg.optimal.jpg,paints,train,C:\Users\GAME\Documents\GitHub\Waste\data\Hazardous\Hazardous\paints\p1dnoa0gj61o916ae19thirg155k6.jpg.optimal.jpg
maxresdefault3.jpg,paints,train,C:\Users\GAME\Documents\GitHub\Waste\data\Hazardous\Hazardous\paints\maxresdefault3.jpg
Solvents.jpg,paints,train,C:\Users\GAME\Documents\GitHub\Waste\data\Hazardous\Hazardous\paints\Solvents.jpg
hazardous2Bhousehold2Bmaterials.jpg,paints,train,C:\Users\GAME\Documents\GitHub\Waste\data\Hazardous\Hazardous\paints\hazardous2Bhousehold2Bmaterials.jpg
INF6348-Hazardous-Waste-banner-855x380-4-v2__ResizedImageWzg5MCwzOTZd.jpg,paints,train,C:\Users\GAME\Documents\GitHub\Waste\data\Hazardous\Hazardous\paints\INF6348-Hazardous-Waste-banner-855x380-4-v2__ResizedImageWzg5MCwzOTZd.jpg
slide_6.jpg,paints,train,C:\Users\GAME\Documents\GitHub\Waste\data\Hazardous\Hazardous\paints\slide_6.jpg
Solvent-Free-Web-1.jpg,paints,train,C:\Users\GAME\Documents\GitHub\Waste\data\Hazardous\Hazardous\paints\Solvent-Free-Web-1.jpg
hazardouswaste_paints.jpg,paints,train,C:\Users\GAME\Documents\GitHub\Waste\data\Hazardous\Hazardous\paints\hazardouswaste_paints.jpg
hhw.jpg,paints,train,C:\Users\GAME\Documents\GitHub\Waste\data\Hazardous\Hazardous\paints\hhw.jpg
household_hazardous_waste_flier.png,paints,train,C:\Users\GAME\Documents\GitHub\Waste\data\Hazardous\Hazardous\paints\household_hazardous_waste_flier.png
shutterstock_40569.jpg,paints,train,C:\Users\GAME\Documents\GitHub\Waste\data\Hazardous\Hazardous\paints\shutterstock_40569.jpg
paints-1134393.jpg,paints,train,C:\Users\GAME\Documents\GitHub\Waste\data\Hazardous\Hazardous\paints\paints-1134393.jpg
50215931-hazardous-waste-paints-and-varnishes.jpg,paints,train,C:\Users\GAME\Documents\GitHub\Waste\data\Hazardous\Hazardous\paints\50215931-hazardous-waste-paints-and-varnishes.jpg
5350017_image_10_46.jpg,paints,train,C:\Users\GAME\Documents\GitHub\Waste\data\Hazardous\Hazardous\paints\5350017_image_10_46.jpg
712jw2JuLGL.jpg,paints,train,C:\Users\GAME\Documents\GitHub\Waste\data\Hazardous\Hazardous\paints\712jw2JuLGL.jpg
984.jpg,paints,train,C:\Users\GAME\Documents\GitHub\Waste\data\Hazardous\Hazardous\paints\984.jpg
PaintSolvents26Thinners.jpg,paints,train,C:\Users\GAME\Documents\GitHub\Waste\data\Hazardous\Hazardous\paints\PaintSolvents26Thinners.jpg
solvent-selection-mix-at-Jacksons.jpg,paints,train,C:\Users\GAME\Documents\GitHub\Waste\data\Hazardous\Hazardous\paints\solvent-selection-mix-at-Jacksons.jpg
Untitled_design_51.png,paints,train,C:\Users\GAME\Documents\GitHub\Waste\data\Hazardous\Hazardous\paints\Untitled_design_51.png
solvent-waste-container.webp,paints,train,C:\Users\GAME\Documents\GitHub\Waste\data\Hazardous\Hazardous\paints\solvent-waste-container.webp
o-PAINTING-570.jpg,paints,train,C:\Users\GAME\Documents\GitHub\Waste\data\Hazardous\Hazardous\paints\o-PAINTING-570.jpg
Trex-6.jpg,paints,train,C:\Users\GAME\Documents\GitHub\Waste\data\Hazardous\Hazardous\paints\Trex-6.jpg
640px-White_spirit.JPG.jpg,paints,train,C:\Users\GAME\Documents\GitHub\Waste\data\Hazardous\Hazardous\paints\640px-White_spirit.JPG.jpg
Oil-Painting-Mediums_-A-Guide.webp,paints,train,C:\Users\GAME\Documents\GitHub\Waste\data\Hazardous\Hazardous\paints\Oil-Painting-Mediums_-A-Guide.webp
Paint-Disposal-scaled.jpg,paints,train,C:\Users\GAME\Documents\GitHub\Waste\data\Hazardous\Hazardous\paints\Paint-Disposal-scaled.jpg
productgrid_solvents_w900-1.jpg,paints,train,C:\Users\GAME\Documents\GitHub\Waste\data\Hazardous\Hazardous\paints\productgrid_solvents_w900-1.jpg
soldier-paints-solvant-thinner-500x500.jpg,paints,train,C:\Users\GAME\Documents\GitHub\Waste\data\Hazardous\Hazardous\paints\soldier-paints-solvant-thinner-500x500.jpg
various-used-paint-tins-ready-for-disposal-scaled.jpeg,paints,train,C:\Users\GAME\Documents\GitHub\Waste\data\Hazardous\Hazardous\paints\various-used-paint-tins-ready-for-disposal-scaled.jpeg
Soho_A4_PaintSolvents__91726__10832.1557412784.jpg,paints,train,C:\Users\GAME\Documents\GitHub\Waste\data\Hazardous\Hazardous\paints\Soho_A4_PaintSolvents__91726__10832.1557412784.jpg
slide_62.jpg,paints,train,C:\Users\GAME\Documents\GitHub\Waste\data\Hazardous\Hazardous\paints\slide_62.jpg
ChromaGlast-Sub-Solvent-Category.jpg,paints,train,C:\Users\GAME\Documents\GitHub\Waste\data\Hazardous\Hazardous\paints\ChromaGlast-Sub-Solvent-Category.jpg
81B8lITyDxL._AC_UF10001000_QL80_.jpg,paints,train,C:\Users\GAME\Documents\GitHub\Waste\data\Hazardous\Hazardous\paints\81B8lITyDxL._AC_UF10001000_QL80_.jpg
circle-paint-and-solvents-scaled.jpeg,paints,train,C:\Users\GAME\Documents\GitHub\Waste\data\Hazardous\Hazardous\paints\circle-paint-and-solvents-scaled.jpeg
BX_Lacke-Makros-12_1110px.jpg,paints,train,C:\Users\GAME\Documents\GitHub\Waste\data\Hazardous\Hazardous\paints\BX_Lacke-Makros-12_1110px.jpg
deco-shine-paint-solvent-385994667-b0zph.jpg,paints,train,C:\Users\GAME\Documents\GitHub\Waste\data\Hazardous\Hazardous\paints\deco-shine-paint-solvent-385994667-b0zph.jpg
solvent-recovery-barrels-1024x485.jpg,paints,train,C:\Users\GAME\Documents\GitHub\Waste\data\Hazardous\Hazardous\paints\solvent-recovery-barrels-1024x485.jpg
Hydrocarbon-Solvents-used-for-Solvent-Based-Paint-Formulation.png,paints,train,C:\Users\GAME\Documents\GitHub\Waste\data\Hazardous\Hazardous\paints\Hydrocarbon-Solvents-used-for-Solvent-Based-Paint-Formulation.png
ppe42a14c4_06.png,paints,train,C:\Users\GAME\Documents\GitHub\Waste\data\Hazardous\Hazardous\paints\ppe42a14c4_06.png
m4_ss10_fig10.7.jpg,paints,train,C:\Users\GAME\Documents\GitHub\Waste\data\Hazardous\Hazardous\paints\m4_ss10_fig10.7.jpg
paint_storage.jpg,paints,train,C:\Users\GAME\Documents\GitHub\Waste\data\Hazardous\Hazardous\paints\paint_storage.jpg
9769-DS-19-0131_Household-Hazardous-Waste.jpg,paints,train,C:\Users\GAME\Documents\GitHub\Waste\data\Hazardous\Hazardous\paints\9769-DS-19-0131_Household-Hazardous-Waste.jpg
32242531531_03d057a31c_o.png,paints,train,C:\Users\GAME\Documents\GitHub\Waste\data\Hazardous\Hazardous\paints\32242531531_03d057a31c_o.png
hazardous-waste-l.jpg,paints,train,C:\Users\GAME\Documents\GitHub\Waste\data\Hazardous\Hazardous\paints\hazardous-waste-l.jpg
25375296_web1_HHW-jsj-210608_1.jpg,paints,train,C:\Users\GAME\Documents\GitHub\Waste\data\Hazardous\Hazardous\paints\25375296_web1_HHW-jsj-210608_1.jpg
Composition-of-Solvent-borne-Paints_Q320.jpg,paints,train,C:\Users\GAME\Documents\GitHub\Waste\data\Hazardous\Hazardous\paints\Composition-of-Solvent-borne-Paints_Q320.jpg
Oil-Painting-Solvent.jpg,paints,train,C:\Users\GAME\Documents\GitHub\Waste\data\Hazardous\Hazardous\paints\Oil-Painting-Solvent.jpg
paints-solvents.jpg,paints,train,C:\Users\GAME\Documents\GitHub\Waste\data\Hazardous\Hazardous\paints\paints-solvents.jpg
gift-box-rose-and-pocket-watch-on-brown-old-newspaper-KH0GXK.jpg,paper_products,train,C:\Users\GAME\Documents\GitHub\Waste\data\Recyclable\Recyclable\paper_products\gift-box-rose-and-pocket-watch-on-brown-old-newspaper-KH0GXK.jpg
5cc8f28751a9ad23a663a94e_paper-blog.jpg,paper_products,train,C:\Users\GAME\Documents\GitHub\Waste\data\Recyclable\Recyclable\paper_products\5cc8f28751a9ad23a663a94e_paper-blog.jpg
media2F14d2F14d799bf-bb7d-4c4f-ab41-23cb516d7c292Fimage.png,paper_products,train,C:\Users\GAME\Documents\GitHub\Waste\data\Recyclable\Recyclable\paper_products\media2F14d2F14d799bf-bb7d-4c4f-ab41-23cb516d7c292Fimage.png
AccesstoRecyclingSnackable-Icons-60.jpeg,paper_products,train,C:\Users\GAME\Documents\GitHub\Waste\data\Recyclable\Recyclable\paper_products\AccesstoRecyclingSnackable-Icons-60.jpeg
boxed20packed20goods-min.jpg,paper_products,train,C:\Users\GAME\Documents\GitHub\Waste\data\Recyclable\Recyclable\paper_products\boxed20packed20goods-min.jpg
2021WhereRecycledPaperGoes_logotitle.png,paper_products,train,C:\Users\GAME\Documents\GitHub\Waste\data\Recyclable\Recyclable\paper_products\2021WhereRecycledPaperGoes_logotitle.png
51DLHKxostL._SR6002C315_PIWhiteStrip2CBottomLeft2C02C35_SCLZZZZZZZ_FMpng_BG2552C2552C255.jpg,paper_products,train,C:\Users\GAME\Documents\GitHub\Waste\data\Recyclable\Recyclable\paper_products\51DLHKxostL._SR6002C315_PIWhiteStrip2CBottomLeft2C02C35_SCLZZZZZZZ_FMpng_BG2552C2552C255.jpg
1-rule.png,paper_products,train,C:\Users\GAME\Documents\GitHub\Waste\data\Recyclable\Recyclable\paper_products\1-rule.png
-an-HSM-baling-press-expands-the-capacity-boundaries-at-Alber-GmbH.--520x293.jpg,paper_products,train,C:\Users\GAME\Documents\GitHub\Waste\data\Recyclable\Recyclable\paper_products\-an-HSM-baling-press-expands-the-capacity-boundaries-at-Alber-GmbH.--520x293.jpg
1000_F_253622625_mRkOKr6jfOmiHINdIBQHZWCBNOZhdxsG.jpg,paper_products,train,C:\Users\GAME\Documents\GitHub\Waste\data\Recyclable\Recyclable\paper_products\1000_F_253622625_mRkOKr6jfOmiHINdIBQHZWCBNOZhdxsG.jpg
Corrugated20Packaging20Teaser20Image20Complete.jpg,paper_products,train,C:\Users\GAME\Documents\GitHub\Waste\data\Recyclable\Recyclable\paper_products\Corrugated20Packaging20Teaser20Image20Complete.jpg
csm_Sperli_Tuetenverpackung_KarlKnauer_5af44b4933.jpg,paper_products,train,C:\Users\GAME\Documents\GitHub\Waste\data\Recyclable\Recyclable\paper_products\csm_Sperli_Tuetenverpackung_KarlKnauer_5af44b4933.jpg
Tech_English_LG_Grade8-term2_p123.png,paper_products,train,C:\Users\GAME\Documents\GitHub\Waste\data\Recyclable\Recyclable\paper_products\Tech_English_LG_Grade8-term2_p123.png
img_5e755845b44fd.jpg,paper_products,train,C:\Users\GAME\Documents\GitHub\Waste\data\Recyclable\Recyclable\paper_products\img_5e755845b44fd.jpg
art-attachment-background-boat-40906.jpeg,paper_products,train,C:\Users\GAME\Documents\GitHub\Waste\data\Recyclable\Recyclable\paper_products\art-attachment-background-boat-40906.jpeg
maxresdefault4.jpg,paper_products,train,C:\Users\GAME\Documents\GitHub\Waste\data\Recyclable\Recyclable\paper_products\maxresdefault4.jpg
Paper-and-cardboard-recycling-blog-banner.jpg,paper_products,train,C:\Users\GAME\Documents\GitHub\Waste\data\Recyclable\Recyclable\paper_products\Paper-and-cardboard-recycling-blog-banner.jpg
Tech_English_LG_Grade8-term2_p124.png,paper_products,train,C:\Users\GAME\Documents\GitHub\Waste\data\Recyclable\Recyclable\paper_products\Tech_English_LG_Grade8-term2_p124.png
Banner-focused-on-plus-products-eng-2-1024x506-1-1024x506.png,paper_products,train,C:\Users\GAME\Documents\GitHub\Waste\data\Recyclable\Recyclable\paper_products\Banner-focused-on-plus-products-eng-2-1024x506-1-1024x506.png
cardboard-min.jpeg,paper_products,train,C:\Users\GAME\Documents\GitHub\Waste\data\Recyclable\Recyclable\paper_products\cardboard-min.jpeg
Paper-scaled.png,paper_products,train,C:\Users\GAME\Documents\GitHub\Waste\data\Recyclable\Recyclable\paper_products\Paper-scaled.png
mobile-artwork_1.png,paper_products,train,C:\Users\GAME\Documents\GitHub\Waste\data\Recyclable\Recyclable\paper_products\mobile-artwork_1.png
image29.jpg,paper_products,train,C:\Users\GAME\Documents\GitHub\Waste\data\Recyclable\Recyclable\paper_products\image29.jpg
251911498.jpg,paper_products,train,C:\Users\GAME\Documents\GitHub\Waste\data\Recyclable\Recyclable\paper_products\251911498.jpg
media2F31f2F31f4b7e5-1e39-42c4-a183-9d791928ee472FphpAWnYQQ.png,paper_products,train,C:\Users\GAME\Documents\GitHub\Waste\data\Recyclable\Recyclable\paper_products\media2F31f2F31f4b7e5-1e39-42c4-a183-9d791928ee472FphpAWnYQQ.png
007490085_1-8e6d461c5712bdb1ad0c6f6948f82b11.png,paper_products,train,C:\Users\GAME\Documents\GitHub\Waste\data\Recyclable\Recyclable\paper_products\007490085_1-8e6d461c5712bdb1ad0c6f6948f82b11.png
a731cae2796caebdfadd16d9b8454e3b.jpg,paper_products,train,C:\Users\GAME\Documents\GitHub\Waste\data\Recyclable\Recyclable\paper_products\a731cae2796caebdfadd16d9b8454e3b.jpg
1250ml-kraft-paper-food-box-500x500.jpeg,paper_products,train,C:\Users\GAME\Documents\GitHub\Waste\data\Recyclable\Recyclable\paper_products\1250ml-kraft-paper-food-box-500x500.jpeg
-paper-garbage-stuff-for-recycle-on-white-background-eco-friendly-2094399346.jpg,paper_products,train,C:\Users\GAME\Documents\GitHub\Waste\data\Recyclable\Recyclable\paper_products\-paper-garbage-stuff-for-recycle-on-white-background-eco-friendly-2094399346.jpg
best-crafts-using-newspaper.jpg,paper_products,train,C:\Users\GAME\Documents\GitHub\Waste\data\Recyclable\Recyclable\paper_products\best-crafts-using-newspaper.jpg
04mag-cardboard-copy-videoSixteenByNine3000-v2.jpg,paper_products,train,C:\Users\GAME\Documents\GitHub\Waste\data\Recyclable\Recyclable\paper_products\04mag-cardboard-copy-videoSixteenByNine3000-v2.jpg
20200117122035-shopping-bags-4243556.jpeg,paper_products,train,C:\Users\GAME\Documents\GitHub\Waste\data\Recyclable\Recyclable\paper_products\20200117122035-shopping-bags-4243556.jpeg
Untitled-design-28.png,paper_products,train,C:\Users\GAME\Documents\GitHub\Waste\data\Recyclable\Recyclable\paper_products\Untitled-design-28.png
bigstock-Recyclable-Materials-A-Select-364185454-1-825x510.jpg,paper_products,train,C:\Users\GAME\Documents\GitHub\Waste\data\Recyclable\Recyclable\paper_products\bigstock-Recyclable-Materials-A-Select-364185454-1-825x510.jpg
how-is-paper-recycled-and-reused-in-paper-products-reel-talk-193723_1024x1024.jpg,paper_products,train,C:\Users\GAME\Documents\GitHub\Waste\data\Recyclable\Recyclable\paper_products\how-is-paper-recycled-and-reused-in-paper-products-reel-talk-193723_1024x1024.jpg
18772787060_a6b88b52cb_z.jpg,paper_products,train,C:\Users\GAME\Documents\GitHub\Waste\data\Recyclable\Recyclable\paper_products\18772787060_a6b88b52cb_z.jpg
1610468941921.jpg,paper_products,train,C:\Users\GAME\Documents\GitHub\Waste\data\Recyclable\Recyclable\paper_products\1610468941921.jpg
Is-paper-biodegradable-hero-1230x615-c-default.jpg,paper_products,train,C:\Users\GAME\Documents\GitHub\Waste\data\Recyclable\Recyclable\paper_products\Is-paper-biodegradable-hero-1230x615-c-default.jpg
cardboard-waste-paper-500x500.jpg,paper_products,train,C:\Users\GAME\Documents\GitHub\Waste\data\Recyclable\Recyclable\paper_products\cardboard-waste-paper-500x500.jpg
-garbage-and-reusable-waste-management-old-paper-products-to-be-reused-waste.jpg,paper_products,train,C:\Users\GAME\Documents\GitHub\Waste\data\Recyclable\Recyclable\paper_products\-garbage-and-reusable-waste-management-old-paper-products-to-be-reused-waste.jpg
800px-Box.agr.jpg,paper_products,train,C:\Users\GAME\Documents\GitHub\Waste\data\Recyclable\Recyclable\paper_products\800px-Box.agr.jpg
Top-Cardboard-Box-Manufacturers.jpg,paper_products,train,C:\Users\GAME\Documents\GitHub\Waste\data\Recyclable\Recyclable\paper_products\Top-Cardboard-Box-Manufacturers.jpg
ade-from-recycled-paper-new-life-for-paper-examples-of-used-paper-1802026453.jpg,paper_products,train,C:\Users\GAME\Documents\GitHub\Waste\data\Recyclable\Recyclable\paper_products\ade-from-recycled-paper-new-life-for-paper-examples-of-used-paper-1802026453.jpg
how-to-dispose-of-used-cardboard-boxes-01.jpg,paper_products,train,C:\Users\GAME\Documents\GitHub\Waste\data\Recyclable\Recyclable\paper_products\how-to-dispose-of-used-cardboard-boxes-01.jpg
hq720.jpg,paper_products,train,C:\Users\GAME\Documents\GitHub\Waste\data\Recyclable\Recyclable\paper_products\hq720.jpg
maxresdefault.jpg,paper_products,train,C:\Users\GAME\Documents\GitHub\Waste\data\Recyclable\Recyclable\paper_products\maxresdefault.jpg
Box.agr.jpg,paper_products,train,C:\Users\GAME\Documents\GitHub\Waste\data\Recyclable\Recyclable\paper_products\Box.agr.jpg
cheap-shipping-boxes-1.jpg,paper_products,train,C:\Users\GAME\Documents\GitHub\Waste\data\Recyclable\Recyclable\paper_products\cheap-shipping-boxes-1.jpg
csm_Honig_Grasskarton_KarlKnauer_bd119781e6.jpg,paper_products,train,C:\Users\GAME\Documents\GitHub\Waste\data\Recyclable\Recyclable\paper_products\csm_Honig_Grasskarton_KarlKnauer_bd119781e6.jpg
Overiew-papermaking-process-lumber-industry.jpg,paper_products,train,C:\Users\GAME\Documents\GitHub\Waste\data\Recyclable\Recyclable\paper_products\Overiew-papermaking-process-lumber-industry.jpg
Paper_bowl.jpg,paper_products,train,C:\Users\GAME\Documents\GitHub\Waste\data\Recyclable\Recyclable\paper_products\Paper_bowl.jpg
WPC26RS_Section20Photo201_Eng.jpg,paper_products,train,C:\Users\GAME\Documents\GitHub\Waste\data\Recyclable\Recyclable\paper_products\WPC26RS_Section20Photo201_Eng.jpg
glass-containers-recycling-bin.jpg,paper_products,train,C:\Users\GAME\Documents\GitHub\Waste\data\Recyclable\Recyclable\paper_products\glass-containers-recycling-bin.jpg
51yELALi6L._SL500_.jpg,paper_products,train,C:\Users\GAME\Documents\GitHub\Waste\data\Recyclable\Recyclable\paper_products\51yELALi6L._SL500_.jpg
mixed-paper-waste-cardboard-confidential-documents.jpg,paper_products,train,C:\Users\GAME\Documents\GitHub\Waste\data\Recyclable\Recyclable\paper_products\mixed-paper-waste-cardboard-confidential-documents.jpg
nsecticides-fungicides-molluscicides-plant-protections-in-agriculture-vector.jpg,pesticides,train,C:\Users\GAME\Documents\GitHub\Waste\data\Hazardous\Hazardous\pesticides\nsecticides-fungicides-molluscicides-plant-protections-in-agriculture-vector.jpg
Hazardous-pesticide.jpg,pesticides,train,C:\Users\GAME\Documents\GitHub\Waste\data\Hazardous\Hazardous\pesticides\Hazardous-pesticide.jpg
2018-Pesticide-Waste-Collection-Flyer-112818.jpg,pesticides,train,C:\Users\GAME\Documents\GitHub\Waste\data\Hazardous\Hazardous\pesticides\2018-Pesticide-Waste-Collection-Flyer-112818.jpg
toxics-09-00042-g001.png,pesticides,train,C:\Users\GAME\Documents\GitHub\Waste\data\Hazardous\Hazardous\pesticides\toxics-09-00042-g001.png
toxics-09-00042-ag.png,pesticides,train,C:\Users\GAME\Documents\GitHub\Waste\data\Hazardous\Hazardous\pesticides\toxics-09-00042-ag.png
51v-y8IhbML._AC_UF10001000_QL80_.jpg,pesticides,train,C:\Users\GAME\Documents\GitHub\Waste\data\Hazardous\Hazardous\pesticides\51v-y8IhbML._AC_UF10001000_QL80_.jpg
United-Chemicals-2.jpg,pesticides,train,C:\Users\GAME\Documents\GitHub\Waste\data\Hazardous\Hazardous\pesticides\United-Chemicals-2.jpg
chlordiazinon1.jpg,pesticides,train,C:\Users\GAME\Documents\GitHub\Waste\data\Hazardous\Hazardous\pesticides\chlordiazinon1.jpg
pesticide-jugs-r.jpg,pesticides,train,C:\Users\GAME\Documents\GitHub\Waste\data\Hazardous\Hazardous\pesticides\pesticide-jugs-r.jpg
garbage.jpg,pesticides,train,C:\Users\GAME\Documents\GitHub\Waste\data\Hazardous\Hazardous\pesticides\garbage.jpg
NThZgLN.jpg,pesticides,train,C:\Users\GAME\Documents\GitHub\Waste\data\Hazardous\Hazardous\pesticides\NThZgLN.jpg
spraying-pesticides.jpg,pesticides,train,C:\Users\GAME\Documents\GitHub\Waste\data\Hazardous\Hazardous\pesticides\spraying-pesticides.jpg
farmer-sprays-insectides-Japan-rice-paddy.jpg,pesticides,train,C:\Users\GAME\Documents\GitHub\Waste\data\Hazardous\Hazardous\pesticides\farmer-sprays-insectides-Japan-rice-paddy.jpg
n-spraying-toxic-pesticides-insecticides-corn-growing-plantation_473712-3185.jpg,pesticides,train,C:\Users\GAME\Documents\GitHub\Waste\data\Hazardous\Hazardous\pesticides\n-spraying-toxic-pesticides-insecticides-corn-growing-plantation_473712-3185.jpg
miscellaneous-pesticides-stored-in-old-garden-shed-E672N1.jpg,pesticides,train,C:\Users\GAME\Documents\GitHub\Waste\data\Hazardous\Hazardous\pesticides\miscellaneous-pesticides-stored-in-old-garden-shed-E672N1.jpg
jefferson-city-pesticide-collection-2018.jpg,pesticides,train,C:\Users\GAME\Documents\GitHub\Waste\data\Hazardous\Hazardous\pesticides\jefferson-city-pesticide-collection-2018.jpg
Diagram-showing-the-main-impacts-of-pesticides-on-soil-plant-and-arthropod-communities.png,pesticides,train,C:\Users\GAME\Documents\GitHub\Waste\data\Hazardous\Hazardous\pesticides\Diagram-showing-the-main-impacts-of-pesticides-on-soil-plant-and-arthropod-communities.png
e-suit-mask-lemon-trees-man-spraying-toxic-pesticides-insecticides-184466768.jpg,pesticides,train,C:\Users\GAME\Documents\GitHub\Waste\data\Hazardous\Hazardous\pesticides\e-suit-mask-lemon-trees-man-spraying-toxic-pesticides-insecticides-184466768.jpg
Pesticides-1.jpg,pesticides,train,C:\Users\GAME\Documents\GitHub\Waste\data\Hazardous\Hazardous\pesticides\Pesticides-1.jpg
IMAGE_1651139094.webp,pesticides,train,C:\Users\GAME\Documents\GitHub\Waste\data\Hazardous\Hazardous\pesticides\IMAGE_1651139094.webp
a-range-of-garden-pesticides-insecticides-found-within-a-household-GKNDHJ.jpg,pesticides,train,C:\Users\GAME\Documents\GitHub\Waste\data\Hazardous\Hazardous\pesticides\a-range-of-garden-pesticides-insecticides-found-within-a-household-GKNDHJ.jpg
A-schematic-view-of-the-pesticide-cycle-in-an-ecosystem.png,pesticides,train,C:\Users\GAME\Documents\GitHub\Waste\data\Hazardous\Hazardous\pesticides\A-schematic-view-of-the-pesticide-cycle-in-an-ecosystem.png
Pesticide-use-herbicides-insecticides-fungicides-and-others-ie-sulfur-and-oils.png,pesticides,train,C:\Users\GAME\Documents\GitHub\Waste\data\Hazardous\Hazardous\pesticides\Pesticide-use-herbicides-insecticides-fungicides-and-others-ie-sulfur-and-oils.png
67f78e9db5cd4cdf3e4e8c84e7ef7e5fIMG_20200923_141824_Copy_.jpg,pesticides,train,C:\Users\GAME\Documents\GitHub\Waste\data\Hazardous\Hazardous\pesticides\67f78e9db5cd4cdf3e4e8c84e7ef7e5fIMG_20200923_141824_Copy_.jpg
pesticides-insecticides-using-spraying-hose-nozzle-farmer-spraying-123409059.jpg,pesticides,train,C:\Users\GAME\Documents\GitHub\Waste\data\Hazardous\Hazardous\pesticides\pesticides-insecticides-using-spraying-hose-nozzle-farmer-spraying-123409059.jpg
EFFECTS-OF-PESTICIDES-AND-INSECTICIDES-ON-ENVIRONMENT-AND-HUMAN-HEALTH-BleedGreen.png,pesticides,train,C:\Users\GAME\Documents\GitHub\Waste\data\Hazardous\Hazardous\pesticides\EFFECTS-OF-PESTICIDES-AND-INSECTICIDES-ON-ENVIRONMENT-AND-HUMAN-HEALTH-BleedGreen.png
A-landfill-for-disposal-of-pesticide-wastes-45_Q320.jpg,pesticides,train,C:\Users\GAME\Documents\GitHub\Waste\data\Hazardous\Hazardous\pesticides\A-landfill-for-disposal-of-pesticide-wastes-45_Q320.jpg
1008x512_2_r_69841.png,pesticides,train,C:\Users\GAME\Documents\GitHub\Waste\data\Hazardous\Hazardous\pesticides\1008x512_2_r_69841.png
pesticides.jpg,pesticides,train,C:\Users\GAME\Documents\GitHub\Waste\data\Hazardous\Hazardous\pesticides\pesticides.jpg
pesticides4.jpg,pesticides,train,C:\Users\GAME\Documents\GitHub\Waste\data\Hazardous\Hazardous\pesticides\pesticides4.jpg
discarded-pesticide-containers-include-cygon-267-and-dibtom-both-are-CP48BC.jpg,pesticides,train,C:\Users\GAME\Documents\GitHub\Waste\data\Hazardous\Hazardous\pesticides\discarded-pesticide-containers-include-cygon-267-and-dibtom-both-are-CP48BC.jpg
a-man-spraying-pesticides-into-a-field-of-crops-that-will-be-used-for-food.jpg,pesticides,train,C:\Users\GAME\Documents\GitHub\Waste\data\Hazardous\Hazardous\pesticides\a-man-spraying-pesticides-into-a-field-of-crops-that-will-be-used-for-food.jpg
icide-spray-lettuce-iceberg-field-sunset-insecticides-agricultural-180035011.jpg,pesticides,train,C:\Users\GAME\Documents\GitHub\Waste\data\Hazardous\Hazardous\pesticides\icide-spray-lettuce-iceberg-field-sunset-insecticides-agricultural-180035011.jpg
icide-sprayers-inappropriate-protection-rice-fields-use-pesticides-127994497.jpg,pesticides,train,C:\Users\GAME\Documents\GitHub\Waste\data\Hazardous\Hazardous\pesticides\icide-sprayers-inappropriate-protection-rice-fields-use-pesticides-127994497.jpg
FLYING-INSECT-Pesticide-Insecticides.jpg,pesticides,train,C:\Users\GAME\Documents\GitHub\Waste\data\Hazardous\Hazardous\pesticides\FLYING-INSECT-Pesticide-Insecticides.jpg
209531-dc.jpg,pesticides,train,C:\Users\GAME\Documents\GitHub\Waste\data\Hazardous\Hazardous\pesticides\209531-dc.jpg
pesticide.jpg,pesticides,train,C:\Users\GAME\Documents\GitHub\Waste\data\Hazardous\Hazardous\pesticides\pesticide.jpg
insecticide-fertilizer-icon_202271-741.jpg,pesticides,train,C:\Users\GAME\Documents\GitHub\Waste\data\Hazardous\Hazardous\pesticides\insecticide-fertilizer-icon_202271-741.jpg
pesticideanalysis-180725161324-thumbnail.jpg,pesticides,train,C:\Users\GAME\Documents\GitHub\Waste\data\Hazardous\Hazardous\pesticides\pesticideanalysis-180725161324-thumbnail.jpg
007243897_1-8f559f97b6cf58ab46d35d17e6771d24.png,pesticides,train,C:\Users\GAME\Documents\GitHub\Waste\data\Hazardous\Hazardous\pesticides\007243897_1-8f559f97b6cf58ab46d35d17e6771d24.png
Pesticides-02.png,pesticides,train,C:\Users\GAME\Documents\GitHub\Waste\data\Hazardous\Hazardous\pesticides\Pesticides-02.png
y-herbicides-farmers-spray-insecticides-in-rice-fields-in-vietnam-1827065294.jpg,pesticides,train,C:\Users\GAME\Documents\GitHub\Waste\data\Hazardous\Hazardous\pesticides\y-herbicides-farmers-spray-insecticides-in-rice-fields-in-vietnam-1827065294.jpg
b1594insectisidespesticides_1.jpg,pesticides,train,C:\Users\GAME\Documents\GitHub\Waste\data\Hazardous\Hazardous\pesticides\b1594insectisidespesticides_1.jpg
fa17b98d63c76d6ea77920e330f9d6cf.jpg,pesticides,train,C:\Users\GAME\Documents\GitHub\Waste\data\Hazardous\Hazardous\pesticides\fa17b98d63c76d6ea77920e330f9d6cf.jpg
insecticide-hero.jpg,pesticides,train,C:\Users\GAME\Documents\GitHub\Waste\data\Hazardous\Hazardous\pesticides\insecticide-hero.jpg
aimco-products.jpg,pesticides,train,C:\Users\GAME\Documents\GitHub\Waste\data\Hazardous\Hazardous\pesticides\aimco-products.jpg
Cropduster_spraying_pesticides.jpg,pesticides,train,C:\Users\GAME\Documents\GitHub\Waste\data\Hazardous\Hazardous\pesticides\Cropduster_spraying_pesticides.jpg
using-pesticides-and-insecticides-protected-with-mask-and-special-1424346491.jpg,pesticides,train,C:\Users\GAME\Documents\GitHub\Waste\data\Hazardous\Hazardous\pesticides\using-pesticides-and-insecticides-protected-with-mask-and-special-1424346491.jpg
AgBusPesticideCollection.jpg,pesticides,train,C:\Users\GAME\Documents\GitHub\Waste\data\Hazardous\Hazardous\pesticides\AgBusPesticideCollection.jpg
obsoletes.jpg,pesticides,train,C:\Users\GAME\Documents\GitHub\Waste\data\Hazardous\Hazardous\pesticides\obsoletes.jpg
mer-fumigate-in-protective-suit-and-mask-lemon-trees-man-spraying-1743156359.jpg,pesticides,train,C:\Users\GAME\Documents\GitHub\Waste\data\Hazardous\Hazardous\pesticides\mer-fumigate-in-protective-suit-and-mask-lemon-trees-man-spraying-1743156359.jpg
food-and-agriculture-organization-fao-locust-control-operation-preparation-F13K2X.jpg,pesticides,train,C:\Users\GAME\Documents\GitHub\Waste\data\Hazardous\Hazardous\pesticides\food-and-agriculture-organization-fao-locust-control-operation-preparation-F13K2X.jpg
herbicide-587589_960_720.jpg,pesticides,train,C:\Users\GAME\Documents\GitHub\Waste\data\Hazardous\Hazardous\pesticides\herbicide-587589_960_720.jpg
Pesticides-Food_1.jpg,pesticides,train,C:\Users\GAME\Documents\GitHub\Waste\data\Hazardous\Hazardous\pesticides\Pesticides-Food_1.jpg
insecticides-and-pesticides.jpeg,pesticides,train,C:\Users\GAME\Documents\GitHub\Waste\data\Hazardous\Hazardous\pesticides\insecticides-and-pesticides.jpeg
n-spraying-toxic-pesticides-insecticides-corn-growing-plantation_473712-2324.jpg,pesticides,train,C:\Users\GAME\Documents\GitHub\Waste\data\Hazardous\Hazardous\pesticides\n-spraying-toxic-pesticides-insecticides-corn-growing-plantation_473712-2324.jpg
170313-un-pesticides.jpg,pesticides,train,C:\Users\GAME\Documents\GitHub\Waste\data\Hazardous\Hazardous\pesticides\170313-un-pesticides.jpg
natural-insecticide.jpg,pesticides,train,C:\Users\GAME\Documents\GitHub\Waste\data\Hazardous\Hazardous\pesticides\natural-insecticide.jpg
bistar.jpg,pesticides,train,C:\Users\GAME\Documents\GitHub\Waste\data\Hazardous\Hazardous\pesticides\bistar.jpg
consider-these-tips-on-how-to-safely-dispose-of-pesticides_1646_40117501_0_14045613_500.jpg,pesticides,train,C:\Users\GAME\Documents\GitHub\Waste\data\Hazardous\Hazardous\pesticides\consider-these-tips-on-how-to-safely-dispose-of-pesticides_1646_40117501_0_14045613_500.jpg
ecticides-chemical-spray-to-get-rid-of-weeds-and-insects-or-plant-1944918877.jpg,pesticides,train,C:\Users\GAME\Documents\GitHub\Waste\data\Hazardous\Hazardous\pesticides\ecticides-chemical-spray-to-get-rid-of-weeds-and-insects-or-plant-1944918877.jpg
Pesticides.png,pesticides,train,C:\Users\GAME\Documents\GitHub\Waste\data\Hazardous\Hazardous\pesticides\Pesticides.png
Causes_and_effects_of_soil_pollution.jpg,pesticides,train,C:\Users\GAME\Documents\GitHub\Waste\data\Hazardous\Hazardous\pesticides\Causes_and_effects_of_soil_pollution.jpg
9788193863909__jpg-550x550h.jpg,pesticides,train,C:\Users\GAME\Documents\GitHub\Waste\data\Hazardous\Hazardous\pesticides\9788193863909__jpg-550x550h.jpg
agriculture-12-00600-g001.png,pesticides,train,C:\Users\GAME\Documents\GitHub\Waste\data\Hazardous\Hazardous\pesticides\agriculture-12-00600-g001.png
phenyl-and-any-keetnashaak-pesticides-insecticides-original-imafjzmxq6gs5bgr.jpeg,pesticides,train,C:\Users\GAME\Documents\GitHub\Waste\data\Hazardous\Hazardous\pesticides\phenyl-and-any-keetnashaak-pesticides-insecticides-original-imafjzmxq6gs5bgr.jpeg
007655891_1-545b05bd3c57e9fd46f3f49e371a5673-768x994.png,pesticides,train,C:\Users\GAME\Documents\GitHub\Waste\data\Hazardous\Hazardous\pesticides\007655891_1-545b05bd3c57e9fd46f3f49e371a5673-768x994.png
miscellaneous-pesticides-stored-in-old-garden-shed-E672N4.jpg,pesticides,train,C:\Users\GAME\Documents\GitHub\Waste\data\Hazardous\Hazardous\pesticides\miscellaneous-pesticides-stored-in-old-garden-shed-E672N4.jpg
0.42889600_1581698919_59.jpg,pesticides,train,C:\Users\GAME\Documents\GitHub\Waste\data\Hazardous\Hazardous\pesticides\0.42889600_1581698919_59.jpg
pesticide-l.jpg,pesticides,train,C:\Users\GAME\Documents\GitHub\Waste\data\Hazardous\Hazardous\pesticides\pesticide-l.jpg
tiny-people-spraying-pesticides-insecticides-vegetables_778687-830.jpg,pesticides,train,C:\Users\GAME\Documents\GitHub\Waste\data\Hazardous\Hazardous\pesticides\tiny-people-spraying-pesticides-insecticides-vegetables_778687-830.jpg
insecticidebnr.jpg,pesticides,train,C:\Users\GAME\Documents\GitHub\Waste\data\Hazardous\Hazardous\pesticides\insecticidebnr.jpg
gardening-chemicalsinsecticidespesticides-items-from-a-garden-shed-M3TDW9.jpg,pesticides,train,C:\Users\GAME\Documents\GitHub\Waste\data\Hazardous\Hazardous\pesticides\gardening-chemicalsinsecticidespesticides-items-from-a-garden-shed-M3TDW9.jpg
Screen-Shot-2018-05-16-at-7.33.54-PM.png,pesticides,train,C:\Users\GAME\Documents\GitHub\Waste\data\Hazardous\Hazardous\pesticides\Screen-Shot-2018-05-16-at-7.33.54-PM.png
1-s2.0-S2352186420313262-gr1.jpg,pesticides,train,C:\Users\GAME\Documents\GitHub\Waste\data\Hazardous\Hazardous\pesticides\1-s2.0-S2352186420313262-gr1.jpg
PR-Draft1-1024x555.jpg,pesticides,train,C:\Users\GAME\Documents\GitHub\Waste\data\Hazardous\Hazardous\pesticides\PR-Draft1-1024x555.jpg
rganic-ecological-agriculture-spray-pesticides-pesticide-on-fruit-1512406559.jpg,pesticides,train,C:\Users\GAME\Documents\GitHub\Waste\data\Hazardous\Hazardous\pesticides\rganic-ecological-agriculture-spray-pesticides-pesticide-on-fruit-1512406559.jpg
discarded-pesticide-cartons-cans-beside-fence-of-orange-orchard-in-ABHE97.jpg,pesticides,train,C:\Users\GAME\Documents\GitHub\Waste\data\Hazardous\Hazardous\pesticides\discarded-pesticide-cartons-cans-beside-fence-of-orange-orchard-in-ABHE97.jpg
43247_2022_601_Fig1_HTML.png,pesticides,train,C:\Users\GAME\Documents\GitHub\Waste\data\Hazardous\Hazardous\pesticides\43247_2022_601_Fig1_HTML.png
Detected-pesticides-divided-into-three-groups-herbicides-insecticides-and-fungicides.png,pesticides,train,C:\Users\GAME\Documents\GitHub\Waste\data\Hazardous\Hazardous\pesticides\Detected-pesticides-divided-into-three-groups-herbicides-insecticides-and-fungicides.png
Pesticides-Pros-Cons-2.jpg,pesticides,train,C:\Users\GAME\Documents\GitHub\Waste\data\Hazardous\Hazardous\pesticides\Pesticides-Pros-Cons-2.jpg
tractor-spraying-pesticides-soy-bean-field-fields-136713412.jpg,pesticides,train,C:\Users\GAME\Documents\GitHub\Waste\data\Hazardous\Hazardous\pesticides\tractor-spraying-pesticides-soy-bean-field-fields-136713412.jpg
n-spraying-toxic-pesticides-insecticides-corn-growing-plantation_473712-3189.jpg,pesticides,train,C:\Users\GAME\Documents\GitHub\Waste\data\Hazardous\Hazardous\pesticides\n-spraying-toxic-pesticides-insecticides-corn-growing-plantation_473712-3189.jpg
pesticides-bottles-illustrations-set_82574-2033.jpg,pesticides,train,C:\Users\GAME\Documents\GitHub\Waste\data\Hazardous\Hazardous\pesticides\pesticides-bottles-illustrations-set_82574-2033.jpg
Types-of-Presticides-1.png,pesticides,train,C:\Users\GAME\Documents\GitHub\Waste\data\Hazardous\Hazardous\pesticides\Types-of-Presticides-1.png
Are-They-Hazardous-WastesE280A6-Pesticides-and-Herbicides.jpg,pesticides,train,C:\Users\GAME\Documents\GitHub\Waste\data\Hazardous\Hazardous\pesticides\Are-They-Hazardous-WastesE280A6-Pesticides-and-Herbicides.jpg
Pesticides2.jpg,pesticides,train,C:\Users\GAME\Documents\GitHub\Waste\data\Hazardous\Hazardous\pesticides\Pesticides2.jpg
suelo_746x419.jpg,pesticides,train,C:\Users\GAME\Documents\GitHub\Waste\data\Hazardous\Hazardous\pesticides\suelo_746x419.jpg
es-toxins-insecticides-pesticides-biocides-with-hazard-warning-signs-caution.jpg,pesticides,train,C:\Users\GAME\Documents\GitHub\Waste\data\Hazardous\Hazardous\pesticides\es-toxins-insecticides-pesticides-biocides-with-hazard-warning-signs-caution.jpg
ycling-facilities-farmers-are-resorting-to-burning-the-plastic-waste-2BR5N84.jpg,pesticides,train,C:\Users\GAME\Documents\GitHub\Waste\data\Hazardous\Hazardous\pesticides\ycling-facilities-farmers-are-resorting-to-burning-the-plastic-waste-2BR5N84.jpg
spraying-pesticides-28301470.jpg,pesticides,train,C:\Users\GAME\Documents\GitHub\Waste\data\Hazardous\Hazardous\pesticides\spraying-pesticides-28301470.jpg
08c2d5475f254215f90c5fcde77ec4b4.jpg,pesticides,train,C:\Users\GAME\Documents\GitHub\Waste\data\Hazardous\Hazardous\pesticides\08c2d5475f254215f90c5fcde77ec4b4.jpg
disposalbnr.jpg,pesticides,train,C:\Users\GAME\Documents\GitHub\Waste\data\Hazardous\Hazardous\pesticides\disposalbnr.jpg
Pesticides-01.png,pesticides,train,C:\Users\GAME\Documents\GitHub\Waste\data\Hazardous\Hazardous\pesticides\Pesticides-01.png
agro2Binsecticide2B1.jpg,pesticides,train,C:\Users\GAME\Documents\GitHub\Waste\data\Hazardous\Hazardous\pesticides\agro2Binsecticide2B1.jpg
3-Plants-species-used-for-Insecticides-Pesticides.jpg,pesticides,train,C:\Users\GAME\Documents\GitHub\Waste\data\Hazardous\Hazardous\pesticides\3-Plants-species-used-for-Insecticides-Pesticides.jpg
fmicb-13-962619-g001.jpg,pesticides,train,C:\Users\GAME\Documents\GitHub\Waste\data\Hazardous\Hazardous\pesticides\fmicb-13-962619-g001.jpg
Plastic-Waste.jpg,platics_bags_wrappers,train,C:\Users\GAME\Documents\GitHub\Waste\data\Non-Recyclable\Non-Recyclable\platics_bags_wrappers\Plastic-Waste.jpg
sinle_use_plastic_660_100219020533.jpg,platics_bags_wrappers,train,C:\Users\GAME\Documents\GitHub\Waste\data\Non-Recyclable\Non-Recyclable\platics_bags_wrappers\sinle_use_plastic_660_100219020533.jpg
lawn-in-a-park-concept-of-cleaning-up-and-respecting-the-environment-2J44BFF.jpg,platics_bags_wrappers,train,C:\Users\GAME\Documents\GitHub\Waste\data\Non-Recyclable\Non-Recyclable\platics_bags_wrappers\lawn-in-a-park-concept-of-cleaning-up-and-respecting-the-environment-2J44BFF.jpg
wrapping-luggage-in-plastic-Cover.jpeg,platics_bags_wrappers,train,C:\Users\GAME\Documents\GitHub\Waste\data\Non-Recyclable\Non-Recyclable\platics_bags_wrappers\wrapping-luggage-in-plastic-Cover.jpeg
plastic-pollution-crisis-environmental-damage-at-uk-nature-reserve-2HE3RHJ.jpg,platics_bags_wrappers,train,C:\Users\GAME\Documents\GitHub\Waste\data\Non-Recyclable\Non-Recyclable\platics_bags_wrappers\plastic-pollution-crisis-environmental-damage-at-uk-nature-reserve-2HE3RHJ.jpg
plastic-bag-seller.jpg,platics_bags_wrappers,train,C:\Users\GAME\Documents\GitHub\Waste\data\Non-Recyclable\Non-Recyclable\platics_bags_wrappers\plastic-bag-seller.jpg
maxresdefault2.jpg,platics_bags_wrappers,train,C:\Users\GAME\Documents\GitHub\Waste\data\Non-Recyclable\Non-Recyclable\platics_bags_wrappers\maxresdefault2.jpg
2-bags-of-morrisons-shopping-discarded-on-the-ground-BMKDN3.jpg,platics_bags_wrappers,train,C:\Users\GAME\Documents\GitHub\Waste\data\Non-Recyclable\Non-Recyclable\platics_bags_wrappers\2-bags-of-morrisons-shopping-discarded-on-the-ground-BMKDN3.jpg
37873163825_1c95fa47b7_z.jpg,platics_bags_wrappers,train,C:\Users\GAME\Documents\GitHub\Waste\data\Non-Recyclable\Non-Recyclable\platics_bags_wrappers\37873163825_1c95fa47b7_z.jpg
-bags-vegetables-peppers-tomatoes-carrots-onions-from-the-supermarket-RXCRHT.jpg,platics_bags_wrappers,train,C:\Users\GAME\Documents\GitHub\Waste\data\Non-Recyclable\Non-Recyclable\platics_bags_wrappers\-bags-vegetables-peppers-tomatoes-carrots-onions-from-the-supermarket-RXCRHT.jpg
earth-globe-plastic-bag-pollution-ecology-environment-planet-global-warming_772720-4773.jpg,platics_bags_wrappers,train,C:\Users\GAME\Documents\GitHub\Waste\data\Non-Recyclable\Non-Recyclable\platics_bags_wrappers\earth-globe-plastic-bag-pollution-ecology-environment-planet-global-warming_772720-4773.jpg
_23I7370.png,platics_bags_wrappers,train,C:\Users\GAME\Documents\GitHub\Waste\data\Non-Recyclable\Non-Recyclable\platics_bags_wrappers\_23I7370.png
DSC_2994.jpg,platics_bags_wrappers,train,C:\Users\GAME\Documents\GitHub\Waste\data\Non-Recyclable\Non-Recyclable\platics_bags_wrappers\DSC_2994.jpg
Tablet_Sleeve_-_Impact_a2c440a0-18f7-45e1-bfeb-23e7aa1b761c.jpg,platics_bags_wrappers,train,C:\Users\GAME\Documents\GitHub\Waste\data\Non-Recyclable\Non-Recyclable\platics_bags_wrappers\Tablet_Sleeve_-_Impact_a2c440a0-18f7-45e1-bfeb-23e7aa1b761c.jpg
rappers-green-lawn-park-concept-cleaning-up-respecting-environment-245277060.jpg,platics_bags_wrappers,train,C:\Users\GAME\Documents\GitHub\Waste\data\Non-Recyclable\Non-Recyclable\platics_bags_wrappers\rappers-green-lawn-park-concept-cleaning-up-respecting-environment-245277060.jpg
21120317-d037f89a-efc0-4769-93a1-56443ed6e12f.jpg,platics_bags_wrappers,train,C:\Users\GAME\Documents\GitHub\Waste\data\Non-Recyclable\Non-Recyclable\platics_bags_wrappers\21120317-d037f89a-efc0-4769-93a1-56443ed6e12f.jpg
ndle-disposable-plastic-bag-package-illustration-isolated-on-white-488464864.jpg,platics_bags_wrappers,train,C:\Users\GAME\Documents\GitHub\Waste\data\Non-Recyclable\Non-Recyclable\platics_bags_wrappers\ndle-disposable-plastic-bag-package-illustration-isolated-on-white-488464864.jpg
3520_428fd902f4247199467725e7eccf1673.jpg,platics_bags_wrappers,train,C:\Users\GAME\Documents\GitHub\Waste\data\Non-Recyclable\Non-Recyclable\platics_bags_wrappers\3520_428fd902f4247199467725e7eccf1673.jpg
61jBBcZxgfL._AC_UF10001000_QL80_.jpg,platics_bags_wrappers,train,C:\Users\GAME\Documents\GitHub\Waste\data\Non-Recyclable\Non-Recyclable\platics_bags_wrappers\61jBBcZxgfL._AC_UF10001000_QL80_.jpg
71fY4tE5kxL.jpg,platics_bags_wrappers,train,C:\Users\GAME\Documents\GitHub\Waste\data\Non-Recyclable\Non-Recyclable\platics_bags_wrappers\71fY4tE5kxL.jpg
maxresdefault3.jpg,platics_bags_wrappers,train,C:\Users\GAME\Documents\GitHub\Waste\data\Non-Recyclable\Non-Recyclable\platics_bags_wrappers\maxresdefault3.jpg
85286799.jpg,platics_bags_wrappers,train,C:\Users\GAME\Documents\GitHub\Waste\data\Non-Recyclable\Non-Recyclable\platics_bags_wrappers\85286799.jpg
Obaggo-Dave-andPucks-FTR.jpg,platics_bags_wrappers,train,C:\Users\GAME\Documents\GitHub\Waste\data\Non-Recyclable\Non-Recyclable\platics_bags_wrappers\Obaggo-Dave-andPucks-FTR.jpg
_117514715_softplasticsimage-002.jpg,platics_bags_wrappers,train,C:\Users\GAME\Documents\GitHub\Waste\data\Non-Recyclable\Non-Recyclable\platics_bags_wrappers\_117514715_softplasticsimage-002.jpg
2_ad298a26-6603-4beb-a2d1-4c95cb0aabf5_480x480.png,platics_bags_wrappers,train,C:\Users\GAME\Documents\GitHub\Waste\data\Non-Recyclable\Non-Recyclable\platics_bags_wrappers\2_ad298a26-6603-4beb-a2d1-4c95cb0aabf5_480x480.png
51xqA8a-wsL._AC_UF10001000_QL80_.jpg,platics_bags_wrappers,train,C:\Users\GAME\Documents\GitHub\Waste\data\Non-Recyclable\Non-Recyclable\platics_bags_wrappers\51xqA8a-wsL._AC_UF10001000_QL80_.jpg
91t-2KbjSxL._AC_UF8941000_QL80_.jpg,platics_bags_wrappers,train,C:\Users\GAME\Documents\GitHub\Waste\data\Non-Recyclable\Non-Recyclable\platics_bags_wrappers\91t-2KbjSxL._AC_UF8941000_QL80_.jpg
375141096_0-5_1628854090260_1660036502201_1660036502201.jpg,platics_bags_wrappers,train,C:\Users\GAME\Documents\GitHub\Waste\data\Non-Recyclable\Non-Recyclable\platics_bags_wrappers\375141096_0-5_1628854090260_1660036502201_1660036502201.jpg
india-plastic-23_custom-13998d9ff8fe44ed9ab4040afd7381cf716bdaab-s1100-c50.jpg,platics_bags_wrappers,train,C:\Users\GAME\Documents\GitHub\Waste\data\Non-Recyclable\Non-Recyclable\platics_bags_wrappers\india-plastic-23_custom-13998d9ff8fe44ed9ab4040afd7381cf716bdaab-s1100-c50.jpg
3678_428fd902f4247199467725e7eccf1673.jpg,platics_bags_wrappers,train,C:\Users\GAME\Documents\GitHub\Waste\data\Non-Recyclable\Non-Recyclable\platics_bags_wrappers\3678_428fd902f4247199467725e7eccf1673.jpg
85241232.jpg,platics_bags_wrappers,train,C:\Users\GAME\Documents\GitHub\Waste\data\Non-Recyclable\Non-Recyclable\platics_bags_wrappers\85241232.jpg
plasticbags.jpg,platics_bags_wrappers,train,C:\Users\GAME\Documents\GitHub\Waste\data\Non-Recyclable\Non-Recyclable\platics_bags_wrappers\plasticbags.jpg
8a52d84c-90d4-11ec-b3a6-dc86e7882d0e_1645208753032.jpg,platics_bags_wrappers,train,C:\Users\GAME\Documents\GitHub\Waste\data\Non-Recyclable\Non-Recyclable\platics_bags_wrappers\8a52d84c-90d4-11ec-b3a6-dc86e7882d0e_1645208753032.jpg
Trash_bin_in_Paris.jpg,platics_bags_wrappers,train,C:\Users\GAME\Documents\GitHub\Waste\data\Non-Recyclable\Non-Recyclable\platics_bags_wrappers\Trash_bin_in_Paris.jpg
Wrist_It_-_Impact_b16a8f3d-be40-41e9-b2a4-667e1f79613c.jpg,platics_bags_wrappers,train,C:\Users\GAME\Documents\GitHub\Waste\data\Non-Recyclable\Non-Recyclable\platics_bags_wrappers\Wrist_It_-_Impact_b16a8f3d-be40-41e9-b2a4-667e1f79613c.jpg
cenn3ctnls1xawwoaenx.png,platics_bags_wrappers,train,C:\Users\GAME\Documents\GitHub\Waste\data\Non-Recyclable\Non-Recyclable\platics_bags_wrappers\cenn3ctnls1xawwoaenx.png
Somerset1.jpg,platics_bags_wrappers,train,C:\Users\GAME\Documents\GitHub\Waste\data\Non-Recyclable\Non-Recyclable\platics_bags_wrappers\Somerset1.jpg
image29.jpg,platics_bags_wrappers,train,C:\Users\GAME\Documents\GitHub\Waste\data\Non-Recyclable\Non-Recyclable\platics_bags_wrappers\image29.jpg
singleuseplastic_660_091519033806.jpg,platics_bags_wrappers,train,C:\Users\GAME\Documents\GitHub\Waste\data\Non-Recyclable\Non-Recyclable\platics_bags_wrappers\singleuseplastic_660_091519033806.jpg
AdobeStock_79900829.jpeg,platics_bags_wrappers,train,C:\Users\GAME\Documents\GitHub\Waste\data\Non-Recyclable\Non-Recyclable\platics_bags_wrappers\AdobeStock_79900829.jpeg
200723230749-02-japan-plastic-waste-restricted.jpg,platics_bags_wrappers,train,C:\Users\GAME\Documents\GitHub\Waste\data\Non-Recyclable\Non-Recyclable\platics_bags_wrappers\200723230749-02-japan-plastic-waste-restricted.jpg
03222022_recycling01_182011.jpg,platics_bags_wrappers,train,C:\Users\GAME\Documents\GitHub\Waste\data\Non-Recyclable\Non-Recyclable\platics_bags_wrappers\03222022_recycling01_182011.jpg
grocery-plastics-9_slide-709f9469bb300475d6ea6c2038892268a68a2bf0.jpg,platics_bags_wrappers,train,C:\Users\GAME\Documents\GitHub\Waste\data\Non-Recyclable\Non-Recyclable\platics_bags_wrappers\grocery-plastics-9_slide-709f9469bb300475d6ea6c2038892268a68a2bf0.jpg
recycled-plastic-bags-1558087110-4911635.jpeg,platics_bags_wrappers,train,C:\Users\GAME\Documents\GitHub\Waste\data\Non-Recyclable\Non-Recyclable\platics_bags_wrappers\recycled-plastic-bags-1558087110-4911635.jpeg
lawn-in-a-park-concept-of-cleaning-up-and-respecting-the-environment-2J44BG3.jpg,platics_bags_wrappers,train,C:\Users\GAME\Documents\GitHub\Waste\data\Non-Recyclable\Non-Recyclable\platics_bags_wrappers\lawn-in-a-park-concept-of-cleaning-up-and-respecting-the-environment-2J44BG3.jpg
rechakra-cropped-1618918786.jpg,platics_bags_wrappers,train,C:\Users\GAME\Documents\GitHub\Waste\data\Non-Recyclable\Non-Recyclable\platics_bags_wrappers\rechakra-cropped-1618918786.jpg
polythene-bags-1558085838-4911553.jpeg,platics_bags_wrappers,train,C:\Users\GAME\Documents\GitHub\Waste\data\Non-Recyclable\Non-Recyclable\platics_bags_wrappers\polythene-bags-1558085838-4911553.jpeg
plastic-film-recycling-1200.png,platics_bags_wrappers,train,C:\Users\GAME\Documents\GitHub\Waste\data\Non-Recyclable\Non-Recyclable\platics_bags_wrappers\plastic-film-recycling-1200.png
plasticwrapped.jpg,platics_bags_wrappers,train,C:\Users\GAME\Documents\GitHub\Waste\data\Non-Recyclable\Non-Recyclable\platics_bags_wrappers\plasticwrapped.jpg
102019_Brightside_Co19_Tips_Poster-559x1024.jpg,platics_bags_wrappers,train,C:\Users\GAME\Documents\GitHub\Waste\data\Non-Recyclable\Non-Recyclable\platics_bags_wrappers\102019_Brightside_Co19_Tips_Poster-559x1024.jpg
rappers-green-lawn-park-cleaning-up-respecting-environment-concept-245258516.jpg,platics_bags_wrappers,train,C:\Users\GAME\Documents\GitHub\Waste\data\Non-Recyclable\Non-Recyclable\platics_bags_wrappers\rappers-green-lawn-park-cleaning-up-respecting-environment-concept-245258516.jpg
stic-bags-and-wrappers-by-household-in-fresno-ca-usa-for-november-1592647813.jpg,platics_bags_wrappers,train,C:\Users\GAME\Documents\GitHub\Waste\data\Non-Recyclable\Non-Recyclable\platics_bags_wrappers\stic-bags-and-wrappers-by-household-in-fresno-ca-usa-for-november-1592647813.jpg
61oUvhDzMlL.jpg,platics_bags_wrappers,train,C:\Users\GAME\Documents\GitHub\Waste\data\Non-Recyclable\Non-Recyclable\platics_bags_wrappers\61oUvhDzMlL.jpg
Pranjali-Kumbhare-Kolkata--1230x767.jpg,platics_bags_wrappers,train,C:\Users\GAME\Documents\GitHub\Waste\data\Non-Recyclable\Non-Recyclable\platics_bags_wrappers\Pranjali-Kumbhare-Kolkata--1230x767.jpg
fruits-in-plastic-bags.jpg,platics_bags_wrappers,train,C:\Users\GAME\Documents\GitHub\Waste\data\Non-Recyclable\Non-Recyclable\platics_bags_wrappers\fruits-in-plastic-bags.jpg
lebanon-waste-trash-beach-1.jpg__1600x900_q85_crop_subsampling-2.jpg,platics_bags_wrappers,train,C:\Users\GAME\Documents\GitHub\Waste\data\Non-Recyclable\Non-Recyclable\platics_bags_wrappers\lebanon-waste-trash-beach-1.jpg__1600x900_q85_crop_subsampling-2.jpg
CBS-Impact_f25a3ca6-4561-4e42-9a9a-4859b381639a.jpg,platics_bags_wrappers,train,C:\Users\GAME\Documents\GitHub\Waste\data\Non-Recyclable\Non-Recyclable\platics_bags_wrappers\CBS-Impact_f25a3ca6-4561-4e42-9a9a-4859b381639a.jpg
03222022_tzr_tzr_182048.jpg,platics_bags_wrappers,train,C:\Users\GAME\Documents\GitHub\Waste\data\Non-Recyclable\Non-Recyclable\platics_bags_wrappers\03222022_tzr_tzr_182048.jpg
Plastic_bags_and_wrapping_22.png,platics_bags_wrappers,train,C:\Users\GAME\Documents\GitHub\Waste\data\Non-Recyclable\Non-Recyclable\platics_bags_wrappers\Plastic_bags_and_wrapping_22.png
58835349.jpg,platics_bags_wrappers,train,C:\Users\GAME\Documents\GitHub\Waste\data\Non-Recyclable\Non-Recyclable\platics_bags_wrappers\58835349.jpg
62e7c92eab11b2a6d58c592e_Empty-candy-wrappers.png,platics_bags_wrappers,train,C:\Users\GAME\Documents\GitHub\Waste\data\Non-Recyclable\Non-Recyclable\platics_bags_wrappers\62e7c92eab11b2a6d58c592e_Empty-candy-wrappers.png
Why-Are-Plastic-Bags-Bad-for-The-Environment.jpg,platics_bags_wrappers,train,C:\Users\GAME\Documents\GitHub\Waste\data\Non-Recyclable\Non-Recyclable\platics_bags_wrappers\Why-Are-Plastic-Bags-Bad-for-The-Environment.jpg
infographic-v2.png,platics_bags_wrappers,train,C:\Users\GAME\Documents\GitHub\Waste\data\Non-Recyclable\Non-Recyclable\platics_bags_wrappers\infographic-v2.png
LillianConnors_EasyWaystoRecyclePlasticBagsToday2.jpg,platics_bags_wrappers,train,C:\Users\GAME\Documents\GitHub\Waste\data\Non-Recyclable\Non-Recyclable\platics_bags_wrappers\LillianConnors_EasyWaystoRecyclePlasticBagsToday2.jpg
film-group-image.jpg,platics_bags_wrappers,train,C:\Users\GAME\Documents\GitHub\Waste\data\Non-Recyclable\Non-Recyclable\platics_bags_wrappers\film-group-image.jpg
Rajiben_Colelction_1550_1080_copy_877a0b7e-5472-4ff3-a659-a60754e5abe3_1080x1080.jpg,platics_bags_wrappers,train,C:\Users\GAME\Documents\GitHub\Waste\data\Non-Recyclable\Non-Recyclable\platics_bags_wrappers\Rajiben_Colelction_1550_1080_copy_877a0b7e-5472-4ff3-a659-a60754e5abe3_1080x1080.jpg
lawn-in-a-park-concept-of-cleaning-up-and-respecting-the-environment-2J44BER.jpg,platics_bags_wrappers,train,C:\Users\GAME\Documents\GitHub\Waste\data\Non-Recyclable\Non-Recyclable\platics_bags_wrappers\lawn-in-a-park-concept-of-cleaning-up-and-respecting-the-environment-2J44BER.jpg
Laundry_Bag_-_Impact_c7cb83ae-002a-4675-84c9-c14f4cfe1234.jpg,platics_bags_wrappers,train,C:\Users\GAME\Documents\GitHub\Waste\data\Non-Recyclable\Non-Recyclable\platics_bags_wrappers\Laundry_Bag_-_Impact_c7cb83ae-002a-4675-84c9-c14f4cfe1234.jpg
LG_2021_Page_one.jpg,platics_bags_wrappers,train,C:\Users\GAME\Documents\GitHub\Waste\data\Non-Recyclable\Non-Recyclable\platics_bags_wrappers\LG_2021_Page_one.jpg
2j44bec.jpg,platics_bags_wrappers,train,C:\Users\GAME\Documents\GitHub\Waste\data\Non-Recyclable\Non-Recyclable\platics_bags_wrappers\2j44bec.jpg
arkets-for-kitchen-waste-household-plastic-waste-single-use-plastics-2E25P1B.jpg,platics_bags_wrappers,train,C:\Users\GAME\Documents\GitHub\Waste\data\Non-Recyclable\Non-Recyclable\platics_bags_wrappers\arkets-for-kitchen-waste-household-plastic-waste-single-use-plastics-2E25P1B.jpg
SDO.png,platics_bags_wrappers,train,C:\Users\GAME\Documents\GitHub\Waste\data\Non-Recyclable\Non-Recyclable\platics_bags_wrappers\SDO.png
stic-garbage-bag-collection-streets-city-seasonal-cleaning-service-217606056.jpg,platics_bags_wrappers,train,C:\Users\GAME\Documents\GitHub\Waste\data\Non-Recyclable\Non-Recyclable\platics_bags_wrappers\stic-garbage-bag-collection-streets-city-seasonal-cleaning-service-217606056.jpg
Plastic-Film-Recycling-Image-from-PMIP.jpg,platics_bags_wrappers,train,C:\Users\GAME\Documents\GitHub\Waste\data\Non-Recyclable\Non-Recyclable\platics_bags_wrappers\Plastic-Film-Recycling-Image-from-PMIP.jpg
plastic-bags-scaled.jpg,platics_bags_wrappers,train,C:\Users\GAME\Documents\GitHub\Waste\data\Non-Recyclable\Non-Recyclable\platics_bags_wrappers\plastic-bags-scaled.jpg
maxresdefault.jpg,platics_bags_wrappers,train,C:\Users\GAME\Documents\GitHub\Waste\data\Non-Recyclable\Non-Recyclable\platics_bags_wrappers\maxresdefault.jpg
eco-friendly-alternatives-110.jpg,platics_bags_wrappers,train,C:\Users\GAME\Documents\GitHub\Waste\data\Non-Recyclable\Non-Recyclable\platics_bags_wrappers\eco-friendly-alternatives-110.jpg
20200914_140554.jpg,platics_bags_wrappers,train,C:\Users\GAME\Documents\GitHub\Waste\data\Non-Recyclable\Non-Recyclable\platics_bags_wrappers\20200914_140554.jpg
wasteplastic750px.jpg,platics_bags_wrappers,train,C:\Users\GAME\Documents\GitHub\Waste\data\Non-Recyclable\Non-Recyclable\platics_bags_wrappers\wasteplastic750px.jpg
img_20190310_161026544.jpg,platics_bags_wrappers,train,C:\Users\GAME\Documents\GitHub\Waste\data\Non-Recyclable\Non-Recyclable\platics_bags_wrappers\img_20190310_161026544.jpg
Various-empty-1024x576.jpg,platics_bags_wrappers,train,C:\Users\GAME\Documents\GitHub\Waste\data\Non-Recyclable\Non-Recyclable\platics_bags_wrappers\Various-empty-1024x576.jpg
PlasticBags.png,platics_bags_wrappers,train,C:\Users\GAME\Documents\GitHub\Waste\data\Non-Recyclable\Non-Recyclable\platics_bags_wrappers\PlasticBags.png
hqdefault.jpg,platics_bags_wrappers,train,C:\Users\GAME\Documents\GitHub\Waste\data\Non-Recyclable\Non-Recyclable\platics_bags_wrappers\hqdefault.jpg
Sweet-wrappers-empty-1024x576.jpg,platics_bags_wrappers,train,C:\Users\GAME\Documents\GitHub\Waste\data\Non-Recyclable\Non-Recyclable\platics_bags_wrappers\Sweet-wrappers-empty-1024x576.jpg
arkets-for-kitchen-waste-household-plastic-waste-single-use-plastics-2E25P3N.jpg,platics_bags_wrappers,train,C:\Users\GAME\Documents\GitHub\Waste\data\Non-Recyclable\Non-Recyclable\platics_bags_wrappers\arkets-for-kitchen-waste-household-plastic-waste-single-use-plastics-2E25P3N.jpg
Crisp-packets-800x450.jpg,platics_bags_wrappers,train,C:\Users\GAME\Documents\GitHub\Waste\data\Non-Recyclable\Non-Recyclable\platics_bags_wrappers\Crisp-packets-800x450.jpg
fe12a09c3997999f704e9f6c38890b90.jpg,platics_bags_wrappers,train,C:\Users\GAME\Documents\GitHub\Waste\data\Non-Recyclable\Non-Recyclable\platics_bags_wrappers\fe12a09c3997999f704e9f6c38890b90.jpg
d5c6c4e209b7b27a34b8d6deaf125c19.jpg,platics_bags_wrappers,train,C:\Users\GAME\Documents\GitHub\Waste\data\Non-Recyclable\Non-Recyclable\platics_bags_wrappers\d5c6c4e209b7b27a34b8d6deaf125c19.jpg
facebook-gmb-posts-8.png,platics_bags_wrappers,train,C:\Users\GAME\Documents\GitHub\Waste\data\Non-Recyclable\Non-Recyclable\platics_bags_wrappers\facebook-gmb-posts-8.png
cd665f1197fabc2e6c6a4d42461b57d8.jpg,platics_bags_wrappers,train,C:\Users\GAME\Documents\GitHub\Waste\data\Non-Recyclable\Non-Recyclable\platics_bags_wrappers\cd665f1197fabc2e6c6a4d42461b57d8.jpg
310c3010-b798-41cc-adde-005ca83df37b.png,platics_bags_wrappers,train,C:\Users\GAME\Documents\GitHub\Waste\data\Non-Recyclable\Non-Recyclable\platics_bags_wrappers\310c3010-b798-41cc-adde-005ca83df37b.png
_117581598_gettyimages-957361834_anindianboysearchesforremainfoodinpolythenepacketsatroadside.jpg,platics_bags_wrappers,train,C:\Users\GAME\Documents\GitHub\Waste\data\Non-Recyclable\Non-Recyclable\platics_bags_wrappers\_117581598_gettyimages-957361834_anindianboysearchesforremainfoodinpolythenepacketsatroadside.jpg
arkets-for-kitchen-waste-household-plastic-waste-single-use-plastics-2E25P1R.jpg,platics_bags_wrappers,train,C:\Users\GAME\Documents\GitHub\Waste\data\Non-Recyclable\Non-Recyclable\platics_bags_wrappers\arkets-for-kitchen-waste-household-plastic-waste-single-use-plastics-2E25P1R.jpg
non-recyclable-plastic-food-bags-food-wrappers-that-cant-be-recycled-EWE9J4.jpg,platics_bags_wrappers,train,C:\Users\GAME\Documents\GitHub\Waste\data\Non-Recyclable\Non-Recyclable\platics_bags_wrappers\non-recyclable-plastic-food-bags-food-wrappers-that-cant-be-recycled-EWE9J4.jpg
sustainability-10-04146-g001.png,sanitary_napkin,train,C:\Users\GAME\Documents\GitHub\Waste\data\Non-Recyclable\Non-Recyclable\sanitary_napkin\sustainability-10-04146-g001.png
-various-feminine-hygiene-products-zero-waste-objects-panties-pads_602734-60.jpg,sanitary_napkin,train,C:\Users\GAME\Documents\GitHub\Waste\data\Non-Recyclable\Non-Recyclable\sanitary_napkin\-various-feminine-hygiene-products-zero-waste-objects-panties-pads_602734-60.jpg
wosp-overview-1920x1080.jpg,sanitary_napkin,train,C:\Users\GAME\Documents\GitHub\Waste\data\Non-Recyclable\Non-Recyclable\sanitary_napkin\wosp-overview-1920x1080.jpg
35-Essential-Personal-Hygiene-Products-You-Need-to-Stock.jpeg,sanitary_napkin,train,C:\Users\GAME\Documents\GitHub\Waste\data\Non-Recyclable\Non-Recyclable\sanitary_napkin\35-Essential-Personal-Hygiene-Products-You-Need-to-Stock.jpeg
b056a8a06dfc18447b8af6b8f5d805fb.jpg,sanitary_napkin,train,C:\Users\GAME\Documents\GitHub\Waste\data\Non-Recyclable\Non-Recyclable\sanitary_napkin\b056a8a06dfc18447b8af6b8f5d805fb.jpg
feminine-hygiene-products-concept_23-2148660550.jpg,sanitary_napkin,train,C:\Users\GAME\Documents\GitHub\Waste\data\Non-Recyclable\Non-Recyclable\sanitary_napkin\feminine-hygiene-products-concept_23-2148660550.jpg
menstrual-pad-with-pink-glitter-on-pastel-royalty-free-image-920307028-1559531564.jpg,sanitary_napkin,train,C:\Users\GAME\Documents\GitHub\Waste\data\Non-Recyclable\Non-Recyclable\sanitary_napkin\menstrual-pad-with-pink-glitter-on-pastel-royalty-free-image-920307028-1559531564.jpg
-emoji-feminine-hygiene-products-including-zero-waste-wome-women-s-221421344.jpg,sanitary_napkin,train,C:\Users\GAME\Documents\GitHub\Waste\data\Non-Recyclable\Non-Recyclable\sanitary_napkin\-emoji-feminine-hygiene-products-including-zero-waste-wome-women-s-221421344.jpg
vagina-vulva-1296x728-header.jpg,sanitary_napkin,train,C:\Users\GAME\Documents\GitHub\Waste\data\Non-Recyclable\Non-Recyclable\sanitary_napkin\vagina-vulva-1296x728-header.jpg
1200px-thumbnail.jpg,sanitary_napkin,train,C:\Users\GAME\Documents\GitHub\Waste\data\Non-Recyclable\Non-Recyclable\sanitary_napkin\1200px-thumbnail.jpg
pads-1024x573-1.jpg,sanitary_napkin,train,C:\Users\GAME\Documents\GitHub\Waste\data\Non-Recyclable\Non-Recyclable\sanitary_napkin\pads-1024x573-1.jpg
1200px-Monthly_Cup_Size_1262.jpg,sanitary_napkin,train,C:\Users\GAME\Documents\GitHub\Waste\data\Non-Recyclable\Non-Recyclable\sanitary_napkin\1200px-Monthly_Cup_Size_1262.jpg
sq_overview.png,sanitary_napkin,train,C:\Users\GAME\Documents\GitHub\Waste\data\Non-Recyclable\Non-Recyclable\sanitary_napkin\sq_overview.png
15-Best-Feminine-Hygiene-Products.jpg,sanitary_napkin,train,C:\Users\GAME\Documents\GitHub\Waste\data\Non-Recyclable\Non-Recyclable\sanitary_napkin\15-Best-Feminine-Hygiene-Products.jpg
3668-Feminine20hygiene20products.jpg,sanitary_napkin,train,C:\Users\GAME\Documents\GitHub\Waste\data\Non-Recyclable\Non-Recyclable\sanitary_napkin\3668-Feminine20hygiene20products.jpg
007481869_1-f6ad30c61ad557672837a415717eec59.png,sanitary_napkin,train,C:\Users\GAME\Documents\GitHub\Waste\data\Non-Recyclable\Non-Recyclable\sanitary_napkin\007481869_1-f6ad30c61ad557672837a415717eec59.png
61oFpMb2mJS._AC_UF8941000_QL80_.jpg,sanitary_napkin,train,C:\Users\GAME\Documents\GitHub\Waste\data\Non-Recyclable\Non-Recyclable\sanitary_napkin\61oFpMb2mJS._AC_UF8941000_QL80_.jpg
Natural-Cleaning-Solutions-Range-2000x2000.jpg,sanitary_napkin,train,C:\Users\GAME\Documents\GitHub\Waste\data\Non-Recyclable\Non-Recyclable\sanitary_napkin\Natural-Cleaning-Solutions-Range-2000x2000.jpg
gh-060520-ghi-best-feminine-wipes-1591385649.png,sanitary_napkin,train,C:\Users\GAME\Documents\GitHub\Waste\data\Non-Recyclable\Non-Recyclable\sanitary_napkin\gh-060520-ghi-best-feminine-wipes-1591385649.png
5-Ways-To-Use-A-Hygiene-Kit_2.png,sanitary_napkin,train,C:\Users\GAME\Documents\GitHub\Waste\data\Non-Recyclable\Non-Recyclable\sanitary_napkin\5-Ways-To-Use-A-Hygiene-Kit_2.png
metics-feminine-sanitary-supplies-soap-miscellaneous-food-cleaning-thumbnail.png,sanitary_napkin,train,C:\Users\GAME\Documents\GitHub\Waste\data\Non-Recyclable\Non-Recyclable\sanitary_napkin\metics-feminine-sanitary-supplies-soap-miscellaneous-food-cleaning-thumbnail.png
AdobeStock_121922416-e1568427026836.jpeg,sanitary_napkin,train,C:\Users\GAME\Documents\GitHub\Waste\data\Non-Recyclable\Non-Recyclable\sanitary_napkin\AdobeStock_121922416-e1568427026836.jpeg
007493272_2-ecb03bdf21bfddb1d6366f947f29352d.png,sanitary_napkin,train,C:\Users\GAME\Documents\GitHub\Waste\data\Non-Recyclable\Non-Recyclable\sanitary_napkin\007493272_2-ecb03bdf21bfddb1d6366f947f29352d.png
feminine-hygiene-products.jpg,sanitary_napkin,train,C:\Users\GAME\Documents\GitHub\Waste\data\Non-Recyclable\Non-Recyclable\sanitary_napkin\feminine-hygiene-products.jpg
-waste-ecological-products-menstrual-cup-pads-tampons-menstruation-224096335.jpg,sanitary_napkin,train,C:\Users\GAME\Documents\GitHub\Waste\data\Non-Recyclable\Non-Recyclable\sanitary_napkin\-waste-ecological-products-menstrual-cup-pads-tampons-menstruation-224096335.jpg
Eco-friendly-pads.jpg,sanitary_napkin,train,C:\Users\GAME\Documents\GitHub\Waste\data\Non-Recyclable\Non-Recyclable\sanitary_napkin\Eco-friendly-pads.jpg
Lining_of_Uterine_Wall.jpg,sanitary_napkin,train,C:\Users\GAME\Documents\GitHub\Waste\data\Non-Recyclable\Non-Recyclable\sanitary_napkin\Lining_of_Uterine_Wall.jpg
Disposing-of-Your-Hygiene-Products-Safely.jpg,sanitary_napkin,train,C:\Users\GAME\Documents\GitHub\Waste\data\Non-Recyclable\Non-Recyclable\sanitary_napkin\Disposing-of-Your-Hygiene-Products-Safely.jpg
homegrown2Fimport2Fimg2Fbook2Fqqipdhbhkz-1492594351.PNG.jpg,sanitary_napkin,train,C:\Users\GAME\Documents\GitHub\Waste\data\Non-Recyclable\Non-Recyclable\sanitary_napkin\homegrown2Fimport2Fimg2Fbook2Fqqipdhbhkz-1492594351.PNG.jpg
Mask_Group_1295.png,sanitary_napkin,train,C:\Users\GAME\Documents\GitHub\Waste\data\Non-Recyclable\Non-Recyclable\sanitary_napkin\Mask_Group_1295.png
hygiene-products-soft-and-fresh-sanitary-items-vector-32560436.jpg,sanitary_napkin,train,C:\Users\GAME\Documents\GitHub\Waste\data\Non-Recyclable\Non-Recyclable\sanitary_napkin\hygiene-products-soft-and-fresh-sanitary-items-vector-32560436.jpg
flat-lay-spa-composition-with-personal-hygiene-items-bath-accessories-string-bag_169016-11414.jpg,sanitary_napkin,train,C:\Users\GAME\Documents\GitHub\Waste\data\Non-Recyclable\Non-Recyclable\sanitary_napkin\flat-lay-spa-composition-with-personal-hygiene-items-bath-accessories-string-bag_169016-11414.jpg
toilet-bathroom-cleaning-productsbleach-toilet-duct-in-asda-supermarket-uk-R0GWFY.jpg,sanitary_napkin,train,C:\Users\GAME\Documents\GitHub\Waste\data\Non-Recyclable\Non-Recyclable\sanitary_napkin\toilet-bathroom-cleaning-productsbleach-toilet-duct-in-asda-supermarket-uk-R0GWFY.jpg
1-selection-of-feminine-care-products-such-as-monthly-period-tampons-2E0RKGP.jpg,sanitary_napkin,train,C:\Users\GAME\Documents\GitHub\Waste\data\Non-Recyclable\Non-Recyclable\sanitary_napkin\1-selection-of-feminine-care-products-such-as-monthly-period-tampons-2E0RKGP.jpg
357_main.jpg,sanitary_napkin,train,C:\Users\GAME\Documents\GitHub\Waste\data\Non-Recyclable\Non-Recyclable\sanitary_napkin\357_main.jpg
toilet-sign-allowed-throw-napkin-paper-pads-towel-in-waste-basket-2156580309.jpg,sanitary_napkin,train,C:\Users\GAME\Documents\GitHub\Waste\data\Non-Recyclable\Non-Recyclable\sanitary_napkin\toilet-sign-allowed-throw-napkin-paper-pads-towel-in-waste-basket-2156580309.jpg
feminine-hygiene-items-vector-32004349.jpg,sanitary_napkin,train,C:\Users\GAME\Documents\GitHub\Waste\data\Non-Recyclable\Non-Recyclable\sanitary_napkin\feminine-hygiene-items-vector-32004349.jpg
096_main.jpg,sanitary_napkin,train,C:\Users\GAME\Documents\GitHub\Waste\data\Non-Recyclable\Non-Recyclable\sanitary_napkin\096_main.jpg
menstrual-hygiene-products.jpg,sanitary_napkin,train,C:\Users\GAME\Documents\GitHub\Waste\data\Non-Recyclable\Non-Recyclable\sanitary_napkin\menstrual-hygiene-products.jpg
AHB2013q072679_cropped.jpg,sanitary_napkin,train,C:\Users\GAME\Documents\GitHub\Waste\data\Non-Recyclable\Non-Recyclable\sanitary_napkin\AHB2013q072679_cropped.jpg
Waste.jpg,sanitary_napkin,train,C:\Users\GAME\Documents\GitHub\Waste\data\Non-Recyclable\Non-Recyclable\sanitary_napkin\Waste.jpg
Medical-Waste-full-width-1600x900.jpg,sanitary_napkin,train,C:\Users\GAME\Documents\GitHub\Waste\data\Non-Recyclable\Non-Recyclable\sanitary_napkin\Medical-Waste-full-width-1600x900.jpg
intimate-feminine-hygiene-pads-tampons-feminine-hygiene-items-212893871.jpg,sanitary_napkin,train,C:\Users\GAME\Documents\GitHub\Waste\data\Non-Recyclable\Non-Recyclable\sanitary_napkin\intimate-feminine-hygiene-pads-tampons-feminine-hygiene-items-212893871.jpg
r-illustrations-menstruation-cup-cycle-feminine-uterus-zero-waste-2292968321.jpg,sanitary_napkin,train,C:\Users\GAME\Documents\GitHub\Waste\data\Non-Recyclable\Non-Recyclable\sanitary_napkin\r-illustrations-menstruation-cup-cycle-feminine-uterus-zero-waste-2292968321.jpg
sanitary_1669126812106_1669126820530_1669126820530.jpeg,sanitary_napkin,train,C:\Users\GAME\Documents\GitHub\Waste\data\Non-Recyclable\Non-Recyclable\sanitary_napkin\sanitary_1669126812106_1669126820530_1669126820530.jpeg
Bamboo-Collection-Banner-min_2048x2048.jpg,sanitary_napkin,train,C:\Users\GAME\Documents\GitHub\Waste\data\Non-Recyclable\Non-Recyclable\sanitary_napkin\Bamboo-Collection-Banner-min_2048x2048.jpg
frph-04-920461-t001.jpg,sanitary_napkin,train,C:\Users\GAME\Documents\GitHub\Waste\data\Non-Recyclable\Non-Recyclable\sanitary_napkin\frph-04-920461-t001.jpg
pile-period-products.png,sanitary_napkin,train,C:\Users\GAME\Documents\GitHub\Waste\data\Non-Recyclable\Non-Recyclable\sanitary_napkin\pile-period-products.png
Types-of-sanitary-products-used-by-women-during-menstruation-are-a-reusable-cloth-pads.jpg,sanitary_napkin,train,C:\Users\GAME\Documents\GitHub\Waste\data\Non-Recyclable\Non-Recyclable\sanitary_napkin\Types-of-sanitary-products-used-by-women-during-menstruation-are-a-reusable-cloth-pads.jpg
ds-tampons-pills-on-pink-background-womens-health-concept-copy-space-2JCJ7FF.jpg,sanitary_napkin,train,C:\Users\GAME\Documents\GitHub\Waste\data\Non-Recyclable\Non-Recyclable\sanitary_napkin\ds-tampons-pills-on-pink-background-womens-health-concept-copy-space-2JCJ7FF.jpg
8d032ff8-b08d-48cf-b3e2-8dc62c08c30a.jpg,sanitary_napkin,train,C:\Users\GAME\Documents\GitHub\Waste\data\Non-Recyclable\Non-Recyclable\sanitary_napkin\8d032ff8-b08d-48cf-b3e2-8dc62c08c30a.jpg
objects-feminine-hygiene-brown-background-75317550.jpg,sanitary_napkin,train,C:\Users\GAME\Documents\GitHub\Waste\data\Non-Recyclable\Non-Recyclable\sanitary_napkin\objects-feminine-hygiene-brown-background-75317550.jpg
sustainability-10-04146-g001-550.jpg,sanitary_napkin,train,C:\Users\GAME\Documents\GitHub\Waste\data\Non-Recyclable\Non-Recyclable\sanitary_napkin\sustainability-10-04146-g001-550.jpg
Different-types-of-waste.jpg,sanitary_napkin,train,C:\Users\GAME\Documents\GitHub\Waste\data\Non-Recyclable\Non-Recyclable\sanitary_napkin\Different-types-of-waste.jpg
polymers-14-05519-g001.png,sanitary_napkin,train,C:\Users\GAME\Documents\GitHub\Waste\data\Non-Recyclable\Non-Recyclable\sanitary_napkin\polymers-14-05519-g001.png
infectious-waste-disposal.jpg,sanitary_napkin,train,C:\Users\GAME\Documents\GitHub\Waste\data\Non-Recyclable\Non-Recyclable\sanitary_napkin\infectious-waste-disposal.jpg
006965731_1-a906255231db326e1934217ae548db6a.png,sanitary_napkin,train,C:\Users\GAME\Documents\GitHub\Waste\data\Non-Recyclable\Non-Recyclable\sanitary_napkin\006965731_1-a906255231db326e1934217ae548db6a.png
vagina-vulva-1200x628-facebook-1200x628.jpg,sanitary_napkin,train,C:\Users\GAME\Documents\GitHub\Waste\data\Non-Recyclable\Non-Recyclable\sanitary_napkin\vagina-vulva-1200x628-facebook-1200x628.jpg
feminine-hygiene-products-in-a-shop-2BJWRFF.jpg,sanitary_napkin,train,C:\Users\GAME\Documents\GitHub\Waste\data\Non-Recyclable\Non-Recyclable\sanitary_napkin\feminine-hygiene-products-in-a-shop-2BJWRFF.jpg
Menstrual-irregularities-1.png,sanitary_napkin,train,C:\Users\GAME\Documents\GitHub\Waste\data\Non-Recyclable\Non-Recyclable\sanitary_napkin\Menstrual-irregularities-1.png
Feminine-Hygiene-Market-Consumer-Choice.jpeg,sanitary_napkin,train,C:\Users\GAME\Documents\GitHub\Waste\data\Non-Recyclable\Non-Recyclable\sanitary_napkin\Feminine-Hygiene-Market-Consumer-Choice.jpeg
71Dw-iUHm4L._AC_UF10001000_QL80_.jpg,sanitary_napkin,train,C:\Users\GAME\Documents\GitHub\Waste\data\Non-Recyclable\Non-Recyclable\sanitary_napkin\71Dw-iUHm4L._AC_UF10001000_QL80_.jpg
always-feminine-hygiene-products-on-a-store-shelf-2AB64XC.jpg,sanitary_napkin,train,C:\Users\GAME\Documents\GitHub\Waste\data\Non-Recyclable\Non-Recyclable\sanitary_napkin\always-feminine-hygiene-products-on-a-store-shelf-2AB64XC.jpg
hospitalwaste2013-151112203752-lva1-app6892-thumbnail.jpg,sanitary_napkin,train,C:\Users\GAME\Documents\GitHub\Waste\data\Non-Recyclable\Non-Recyclable\sanitary_napkin\hospitalwaste2013-151112203752-lva1-app6892-thumbnail.jpg
feminine-hygiene-products-concept_23-2148642495.jpg,sanitary_napkin,train,C:\Users\GAME\Documents\GitHub\Waste\data\Non-Recyclable\Non-Recyclable\sanitary_napkin\feminine-hygiene-products-concept_23-2148642495.jpg
c0259187-800px-wm.jpg,sanitary_napkin,train,C:\Users\GAME\Documents\GitHub\Waste\data\Non-Recyclable\Non-Recyclable\sanitary_napkin\c0259187-800px-wm.jpg
sanitary-napkins.jpg,sanitary_napkin,train,C:\Users\GAME\Documents\GitHub\Waste\data\Non-Recyclable\Non-Recyclable\sanitary_napkin\sanitary-napkins.jpg
stock-photo-women-s-pads-pattern-feminine-hygiene-items-2269418989.jpg,sanitary_napkin,train,C:\Users\GAME\Documents\GitHub\Waste\data\Non-Recyclable\Non-Recyclable\sanitary_napkin\stock-photo-women-s-pads-pattern-feminine-hygiene-items-2269418989.jpg
3-Figure1-1.png,sanitary_napkin,train,C:\Users\GAME\Documents\GitHub\Waste\data\Non-Recyclable\Non-Recyclable\sanitary_napkin\3-Figure1-1.png
girl-preparing-to-spring-clean-royalty-free-image-1643238913.jpg,sanitary_napkin,train,C:\Users\GAME\Documents\GitHub\Waste\data\Non-Recyclable\Non-Recyclable\sanitary_napkin\girl-preparing-to-spring-clean-royalty-free-image-1643238913.jpg
female-hygiene-and-daily-health-care-products-vector-28402112.jpg,sanitary_napkin,train,C:\Users\GAME\Documents\GitHub\Waste\data\Non-Recyclable\Non-Recyclable\sanitary_napkin\female-hygiene-and-daily-health-care-products-vector-28402112.jpg
und-feminine-hygiene-products-menstruation-and-womens-health-concept-2JCJ7KM.jpg,sanitary_napkin,train,C:\Users\GAME\Documents\GitHub\Waste\data\Non-Recyclable\Non-Recyclable\sanitary_napkin\und-feminine-hygiene-products-menstruation-and-womens-health-concept-2JCJ7KM.jpg
pngtree-pink-cartoon-feminine-hygiene-products-elements-png-image_2362850.jpg,sanitary_napkin,train,C:\Users\GAME\Documents\GitHub\Waste\data\Non-Recyclable\Non-Recyclable\sanitary_napkin\pngtree-pink-cartoon-feminine-hygiene-products-elements-png-image_2362850.jpg
0.57118300_1559106463_sanitary_waste_gettyimages-.jpg,sanitary_napkin,train,C:\Users\GAME\Documents\GitHub\Waste\data\Non-Recyclable\Non-Recyclable\sanitary_napkin\0.57118300_1559106463_sanitary_waste_gettyimages-.jpg
https3A2F2Fcdn.cnn.com2Fcnnnext2Fdam2Fassets2F180914085541-01-as-equals-uk-period-poverty.jpg,sanitary_napkin,train,C:\Users\GAME\Documents\GitHub\Waste\data\Non-Recyclable\Non-Recyclable\sanitary_napkin\https3A2F2Fcdn.cnn.com2Fcnnnext2Fdam2Fassets2F180914085541-01-as-equals-uk-period-poverty.jpg
9641z.jpg,sanitary_napkin,train,C:\Users\GAME\Documents\GitHub\Waste\data\Non-Recyclable\Non-Recyclable\sanitary_napkin\9641z.jpg
tor-illustration-isolated-on-transparent-background-menstrual-cup-1546366844.jpg,sanitary_napkin,train,C:\Users\GAME\Documents\GitHub\Waste\data\Non-Recyclable\Non-Recyclable\sanitary_napkin\tor-illustration-isolated-on-transparent-background-menstrual-cup-1546366844.jpg
Designed4Trash_2.png,stroform_product,train,C:\Users\GAME\Documents\GitHub\Waste\data\Non-Recyclable\Non-Recyclable\stroform_product\Designed4Trash_2.png
1-s2.0-S0959652618336230-fx1.jpg,stroform_product,train,C:\Users\GAME\Documents\GitHub\Waste\data\Non-Recyclable\Non-Recyclable\stroform_product\1-s2.0-S0959652618336230-fx1.jpg
SS-KH_ShippingGuideTypesOfProtectivePackaging_KH-HRO.jpg,stroform_product,train,C:\Users\GAME\Documents\GitHub\Waste\data\Non-Recyclable\Non-Recyclable\stroform_product\SS-KH_ShippingGuideTypesOfProtectivePackaging_KH-HRO.jpg
burgers-2.jpg,stroform_product,train,C:\Users\GAME\Documents\GitHub\Waste\data\Non-Recyclable\Non-Recyclable\stroform_product\burgers-2.jpg
styrofoam-packaging-materials-CFF552.jpg,stroform_product,train,C:\Users\GAME\Documents\GitHub\Waste\data\Non-Recyclable\Non-Recyclable\stroform_product\styrofoam-packaging-materials-CFF552.jpg
eom212107-toc-0001-m.jpg,stroform_product,train,C:\Users\GAME\Documents\GitHub\Waste\data\Non-Recyclable\Non-Recyclable\stroform_product\eom212107-toc-0001-m.jpg
English-quick-summary_2021-11-16-014257_agwg.jpg,stroform_product,train,C:\Users\GAME\Documents\GitHub\Waste\data\Non-Recyclable\Non-Recyclable\stroform_product\English-quick-summary_2021-11-16-014257_agwg.jpg
EPS-for-recycling-scaled.jpg,stroform_product,train,C:\Users\GAME\Documents\GitHub\Waste\data\Non-Recyclable\Non-Recyclable\stroform_product\EPS-for-recycling-scaled.jpg
styrofoam_waste_1050x700.jpg,stroform_product,train,C:\Users\GAME\Documents\GitHub\Waste\data\Non-Recyclable\Non-Recyclable\stroform_product\styrofoam_waste_1050x700.jpg
styrofoam-garbage1-1.jpg,stroform_product,train,C:\Users\GAME\Documents\GitHub\Waste\data\Non-Recyclable\Non-Recyclable\stroform_product\styrofoam-garbage1-1.jpg
77279c_8d2d3bb39b7e4ee5bb26c1a83e6b5669mv2.png,stroform_product,train,C:\Users\GAME\Documents\GitHub\Waste\data\Non-Recyclable\Non-Recyclable\stroform_product\77279c_8d2d3bb39b7e4ee5bb26c1a83e6b5669mv2.png
TYPES-OF-FOOD-PACKAGING.png,stroform_product,train,C:\Users\GAME\Documents\GitHub\Waste\data\Non-Recyclable\Non-Recyclable\stroform_product\TYPES-OF-FOOD-PACKAGING.png
plastic_food_containers.png,stroform_product,train,C:\Users\GAME\Documents\GitHub\Waste\data\Non-Recyclable\Non-Recyclable\stroform_product\plastic_food_containers.png
Best-eco-friendly-paper-food-packaging-containers-brands-in-Nigeria-1-1.jpeg,stroform_product,train,C:\Users\GAME\Documents\GitHub\Waste\data\Non-Recyclable\Non-Recyclable\stroform_product\Best-eco-friendly-paper-food-packaging-containers-brands-in-Nigeria-1-1.jpeg
bbdcdabfab359104e5e0d6d62b2b1bb0-e1604602972745.png,stroform_product,train,C:\Users\GAME\Documents\GitHub\Waste\data\Non-Recyclable\Non-Recyclable\stroform_product\bbdcdabfab359104e5e0d6d62b2b1bb0-e1604602972745.png
food-packaging-report.jpg,stroform_product,train,C:\Users\GAME\Documents\GitHub\Waste\data\Non-Recyclable\Non-Recyclable\stroform_product\food-packaging-report.jpg
lam-dung-hop-xop-1.jpg,stroform_product,train,C:\Users\GAME\Documents\GitHub\Waste\data\Non-Recyclable\Non-Recyclable\stroform_product\lam-dung-hop-xop-1.jpg
garbage-1260833_1280.jpg,stroform_product,train,C:\Users\GAME\Documents\GitHub\Waste\data\Non-Recyclable\Non-Recyclable\stroform_product\garbage-1260833_1280.jpg
AMP-58_62348a9647c53.jpg,stroform_product,train,C:\Users\GAME\Documents\GitHub\Waste\data\Non-Recyclable\Non-Recyclable\stroform_product\AMP-58_62348a9647c53.jpg
____whereyouare.co--1-.jpg,stroform_product,train,C:\Users\GAME\Documents\GitHub\Waste\data\Non-Recyclable\Non-Recyclable\stroform_product\____whereyouare.co--1-.jpg
styrofoam-box-on-white-background-food-container-MXTH80.jpg,stroform_product,train,C:\Users\GAME\Documents\GitHub\Waste\data\Non-Recyclable\Non-Recyclable\stroform_product\styrofoam-box-on-white-background-food-container-MXTH80.jpg
Image-by-RODNAY-Productions-Pexels-Canva-Pro.jpg,stroform_product,train,C:\Users\GAME\Documents\GitHub\Waste\data\Non-Recyclable\Non-Recyclable\stroform_product\Image-by-RODNAY-Productions-Pexels-Canva-Pro.jpg
250783690442929992.jpg,stroform_product,train,C:\Users\GAME\Documents\GitHub\Waste\data\Non-Recyclable\Non-Recyclable\stroform_product\250783690442929992.jpg
200114-compostable-packaging-cups-utensils-plates.pla-plastic-waste-pollution-3-salad.jpg,stroform_product,train,C:\Users\GAME\Documents\GitHub\Waste\data\Non-Recyclable\Non-Recyclable\stroform_product\200114-compostable-packaging-cups-utensils-plates.pla-plastic-waste-pollution-3-salad.jpg
16-Companies-Rethinking-Packaging.jpg,stroform_product,train,C:\Users\GAME\Documents\GitHub\Waste\data\Non-Recyclable\Non-Recyclable\stroform_product\16-Companies-Rethinking-Packaging.jpg
styrofoam-packing-peanutes-alternative-header.jpg,stroform_product,train,C:\Users\GAME\Documents\GitHub\Waste\data\Non-Recyclable\Non-Recyclable\stroform_product\styrofoam-packing-peanutes-alternative-header.jpg
open-styrofoam-boxes-stack-white-background-31184617.jpg,stroform_product,train,C:\Users\GAME\Documents\GitHub\Waste\data\Non-Recyclable\Non-Recyclable\stroform_product\open-styrofoam-boxes-stack-white-background-31184617.jpg
box-packed-with-styrofoam.jpg,stroform_product,train,C:\Users\GAME\Documents\GitHub\Waste\data\Non-Recyclable\Non-Recyclable\stroform_product\box-packed-with-styrofoam.jpg
-out-plastic-bag-styrofoam-paper-foam-miscellaneous-rectangle-food-packaging.png,stroform_product,train,C:\Users\GAME\Documents\GitHub\Waste\data\Non-Recyclable\Non-Recyclable\stroform_product\-out-plastic-bag-styrofoam-paper-foam-miscellaneous-rectangle-food-packaging.png
819KB-FEqfL._AC_UF10001000_QL80_.jpg,stroform_product,train,C:\Users\GAME\Documents\GitHub\Waste\data\Non-Recyclable\Non-Recyclable\stroform_product\819KB-FEqfL._AC_UF10001000_QL80_.jpg
styrofoam-packaging-peanuts-DM6D71.jpg,stroform_product,train,C:\Users\GAME\Documents\GitHub\Waste\data\Non-Recyclable\Non-Recyclable\stroform_product\styrofoam-packaging-peanuts-DM6D71.jpg
plastic-foam-food-packaging-ban-usa.jpg,stroform_product,train,C:\Users\GAME\Documents\GitHub\Waste\data\Non-Recyclable\Non-Recyclable\stroform_product\plastic-foam-food-packaging-ban-usa.jpg
foam-alternative-packaging.jpg,stroform_product,train,C:\Users\GAME\Documents\GitHub\Waste\data\Non-Recyclable\Non-Recyclable\stroform_product\foam-alternative-packaging.jpg
tapioca20meal20box02.jpg,stroform_product,train,C:\Users\GAME\Documents\GitHub\Waste\data\Non-Recyclable\Non-Recyclable\stroform_product\tapioca20meal20box02.jpg
eco-friendly-food-packaging_feature.jpg,stroform_product,train,C:\Users\GAME\Documents\GitHub\Waste\data\Non-Recyclable\Non-Recyclable\stroform_product\eco-friendly-food-packaging_feature.jpg
Types-of-food-containers-considered-in-the-study-A-Aluminium-takeaway-container-B.jpg,stroform_product,train,C:\Users\GAME\Documents\GitHub\Waste\data\Non-Recyclable\Non-Recyclable\stroform_product\Types-of-food-containers-considered-in-the-study-A-Aluminium-takeaway-container-B.jpg
BagasseContainers-pg9c7yp7i7al8c7b1cr5t240eval1iwbtyh0yvfhxs.png,stroform_product,train,C:\Users\GAME\Documents\GitHub\Waste\data\Non-Recyclable\Non-Recyclable\stroform_product\BagasseContainers-pg9c7yp7i7al8c7b1cr5t240eval1iwbtyh0yvfhxs.png
ing-takeaway-foam-lunch-boxes-single-use-food-containers-close-up-1792562215.jpg,stroform_product,train,C:\Users\GAME\Documents\GitHub\Waste\data\Non-Recyclable\Non-Recyclable\stroform_product\ing-takeaway-foam-lunch-boxes-single-use-food-containers-close-up-1792562215.jpg
styrofoam.jpg,stroform_product,train,C:\Users\GAME\Documents\GitHub\Waste\data\Non-Recyclable\Non-Recyclable\stroform_product\styrofoam.jpg
Untitled-1024-C397-768px-16.jpg,stroform_product,train,C:\Users\GAME\Documents\GitHub\Waste\data\Non-Recyclable\Non-Recyclable\stroform_product\Untitled-1024-C397-768px-16.jpg
w_takeout_trash_wk1003mike_shutterstock_422191876.c86d3627.jpg,stroform_product,train,C:\Users\GAME\Documents\GitHub\Waste\data\Non-Recyclable\Non-Recyclable\stroform_product\w_takeout_trash_wk1003mike_shutterstock_422191876.c86d3627.jpg
types-of-sustainable-packaging-fb.jpg,stroform_product,train,C:\Users\GAME\Documents\GitHub\Waste\data\Non-Recyclable\Non-Recyclable\stroform_product\types-of-sustainable-packaging-fb.jpg
blog-containers.jpg,stroform_product,train,C:\Users\GAME\Documents\GitHub\Waste\data\Non-Recyclable\Non-Recyclable\stroform_product\blog-containers.jpg
1608802952plasticfoodpackaging.jpg,stroform_product,train,C:\Users\GAME\Documents\GitHub\Waste\data\Non-Recyclable\Non-Recyclable\stroform_product\1608802952plasticfoodpackaging.jpg
006599702_1-6aa3222b5bef71610d70bc6e3bad3255-768x994.png,stroform_product,train,C:\Users\GAME\Documents\GitHub\Waste\data\Non-Recyclable\Non-Recyclable\stroform_product\006599702_1-6aa3222b5bef71610d70bc6e3bad3255-768x994.png
the-drive-toward-sustainability-5050-1536x1536.jpg,stroform_product,train,C:\Users\GAME\Documents\GitHub\Waste\data\Non-Recyclable\Non-Recyclable\stroform_product\the-drive-toward-sustainability-5050-1536x1536.jpg
8f4dfec62271432d866768b7f62c88b4.jpg,stroform_product,train,C:\Users\GAME\Documents\GitHub\Waste\data\Non-Recyclable\Non-Recyclable\stroform_product\8f4dfec62271432d866768b7f62c88b4.jpg
FoldedTakeout_PSD_1.jpg,stroform_product,train,C:\Users\GAME\Documents\GitHub\Waste\data\Non-Recyclable\Non-Recyclable\stroform_product\FoldedTakeout_PSD_1.jpg
Carryout-Pkg-AdobeStock_249951953-20New-Africa-FTR.jpg,stroform_product,train,C:\Users\GAME\Documents\GitHub\Waste\data\Non-Recyclable\Non-Recyclable\stroform_product\Carryout-Pkg-AdobeStock_249951953-20New-Africa-FTR.jpg
Custom-Clamshell-Container-3b.png,stroform_product,train,C:\Users\GAME\Documents\GitHub\Waste\data\Non-Recyclable\Non-Recyclable\stroform_product\Custom-Clamshell-Container-3b.png
Thermoplastics-and-their-used-in-food-packaging.png,stroform_product,train,C:\Users\GAME\Documents\GitHub\Waste\data\Non-Recyclable\Non-Recyclable\stroform_product\Thermoplastics-and-their-used-in-food-packaging.png
Packaging_waste_v4.png,stroform_product,train,C:\Users\GAME\Documents\GitHub\Waste\data\Non-Recyclable\Non-Recyclable\stroform_product\Packaging_waste_v4.png
Foam20Clam20Shell.jpg,stroform_product,train,C:\Users\GAME\Documents\GitHub\Waste\data\Non-Recyclable\Non-Recyclable\stroform_product\Foam20Clam20Shell.jpg
MaterialsBackground.jpg,stroform_product,train,C:\Users\GAME\Documents\GitHub\Waste\data\Non-Recyclable\Non-Recyclable\stroform_product\MaterialsBackground.jpg
food_packaging_i8860_20180911_093_3x2.jpg,stroform_product,train,C:\Users\GAME\Documents\GitHub\Waste\data\Non-Recyclable\Non-Recyclable\stroform_product\food_packaging_i8860_20180911_093_3x2.jpg
foam-packaging-waste.jpg,stroform_product,train,C:\Users\GAME\Documents\GitHub\Waste\data\Non-Recyclable\Non-Recyclable\stroform_product\foam-packaging-waste.jpg
eco-friendly-food-packaging_header.jpg,stroform_product,train,C:\Users\GAME\Documents\GitHub\Waste\data\Non-Recyclable\Non-Recyclable\stroform_product\eco-friendly-food-packaging_header.jpg
styrofoam-facts.jpg,stroform_product,train,C:\Users\GAME\Documents\GitHub\Waste\data\Non-Recyclable\Non-Recyclable\stroform_product\styrofoam-facts.jpg
food-packaging-containers-bamboo-glass-eco-1296x728-header.jpg,stroform_product,train,C:\Users\GAME\Documents\GitHub\Waste\data\Non-Recyclable\Non-Recyclable\stroform_product\food-packaging-containers-bamboo-glass-eco-1296x728-header.jpg
2018_blog_EcoFriendlyRestaurants_600x400.jpg,stroform_product,train,C:\Users\GAME\Documents\GitHub\Waste\data\Non-Recyclable\Non-Recyclable\stroform_product\2018_blog_EcoFriendlyRestaurants_600x400.jpg
polystyrene-or-styrofoam-protective-packaging-beads-M964HY.jpg,stroform_product,train,C:\Users\GAME\Documents\GitHub\Waste\data\Non-Recyclable\Non-Recyclable\stroform_product\polystyrene-or-styrofoam-protective-packaging-beads-M964HY.jpg
food-packaging-reports-examples.jpg,stroform_product,train,C:\Users\GAME\Documents\GitHub\Waste\data\Non-Recyclable\Non-Recyclable\stroform_product\food-packaging-reports-examples.jpg
strawberry-packaging_.png,stroform_product,train,C:\Users\GAME\Documents\GitHub\Waste\data\Non-Recyclable\Non-Recyclable\stroform_product\strawberry-packaging_.png
McDonalds_Molded_Pulp_Drink_Tray_Top.jpg,stroform_product,train,C:\Users\GAME\Documents\GitHub\Waste\data\Non-Recyclable\Non-Recyclable\stroform_product\McDonalds_Molded_Pulp_Drink_Tray_Top.jpg
styro-food-packaging-near-me_orig.jpg,stroform_product,train,C:\Users\GAME\Documents\GitHub\Waste\data\Non-Recyclable\Non-Recyclable\stroform_product\styro-food-packaging-near-me_orig.jpg
foam20containers.jpg,stroform_product,train,C:\Users\GAME\Documents\GitHub\Waste\data\Non-Recyclable\Non-Recyclable\stroform_product\foam20containers.jpg
Styrolution_Polystyrene_Yogurt_Pack.5556431b08b331afb8caff3e2378a101.jpg,stroform_product,train,C:\Users\GAME\Documents\GitHub\Waste\data\Non-Recyclable\Non-Recyclable\stroform_product\Styrolution_Polystyrene_Yogurt_Pack.5556431b08b331afb8caff3e2378a101.jpg
1919463.jpg,stroform_product,train,C:\Users\GAME\Documents\GitHub\Waste\data\Non-Recyclable\Non-Recyclable\stroform_product\1919463.jpg
330843799_885703332699899_5678677257182402870_n.jpg,stroform_product,train,C:\Users\GAME\Documents\GitHub\Waste\data\Non-Recyclable\Non-Recyclable\stroform_product\330843799_885703332699899_5678677257182402870_n.jpg
slide_2.jpg,stroform_product,train,C:\Users\GAME\Documents\GitHub\Waste\data\Non-Recyclable\Non-Recyclable\stroform_product\slide_2.jpg
styrofoam2.jpg,stroform_product,train,C:\Users\GAME\Documents\GitHub\Waste\data\Non-Recyclable\Non-Recyclable\stroform_product\styrofoam2.jpg
Food-Packaging-Waste-Statistics-Understanding-the-Rise-of-Food-Packaging-Waste-Feature-Images.jpg,stroform_product,train,C:\Users\GAME\Documents\GitHub\Waste\data\Non-Recyclable\Non-Recyclable\stroform_product\Food-Packaging-Waste-Statistics-Understanding-the-Rise-of-Food-Packaging-Waste-Feature-Images.jpg
e3ea5ac8147d2274b0e1f61b09fbedc2.jpg,stroform_product,train,C:\Users\GAME\Documents\GitHub\Waste\data\Non-Recyclable\Non-Recyclable\stroform_product\e3ea5ac8147d2274b0e1f61b09fbedc2.jpg
7AOOT_12_KXFOOD_02.jpg,stroform_product,train,C:\Users\GAME\Documents\GitHub\Waste\data\Non-Recyclable\Non-Recyclable\stroform_product\7AOOT_12_KXFOOD_02.jpg
stock-photo-different-types-of-food-box-made-of-foam-paper-plastic-564220360.jpg,stroform_product,train,C:\Users\GAME\Documents\GitHub\Waste\data\Non-Recyclable\Non-Recyclable\stroform_product\stock-photo-different-types-of-food-box-made-of-foam-paper-plastic-564220360.jpg
containers_and_packaging_picture.jpg,stroform_product,train,C:\Users\GAME\Documents\GitHub\Waste\data\Non-Recyclable\Non-Recyclable\stroform_product\containers_and_packaging_picture.jpg
sfe_zw_slider_styrofoam.jpg,stroform_product,train,C:\Users\GAME\Documents\GitHub\Waste\data\Non-Recyclable\Non-Recyclable\stroform_product\sfe_zw_slider_styrofoam.jpg
3_5152_Original_Hot-Food-Packaging-for-Takeaway-Meals-and-Fast-Food_d07f42.jpg,stroform_product,train,C:\Users\GAME\Documents\GitHub\Waste\data\Non-Recyclable\Non-Recyclable\stroform_product\3_5152_Original_Hot-Food-Packaging-for-Takeaway-Meals-and-Fast-Food_d07f42.jpg
New-Natural-Coloured-Bagasse-plates-and-burger-boxes-copy-1.png,stroform_product,train,C:\Users\GAME\Documents\GitHub\Waste\data\Non-Recyclable\Non-Recyclable\stroform_product\New-Natural-Coloured-Bagasse-plates-and-burger-boxes-copy-1.png
image32.jpg,stroform_product,train,C:\Users\GAME\Documents\GitHub\Waste\data\Non-Recyclable\Non-Recyclable\stroform_product\image32.jpg
foam-plastic-no6.png,stroform_product,train,C:\Users\GAME\Documents\GitHub\Waste\data\Non-Recyclable\Non-Recyclable\stroform_product\foam-plastic-no6.png
800px-Yummp_hk_lunchbox.jpg,stroform_product,train,C:\Users\GAME\Documents\GitHub\Waste\data\Non-Recyclable\Non-Recyclable\stroform_product\800px-Yummp_hk_lunchbox.jpg
styrofoam-takeout-containers-food-1200x628-facebook.jpg,stroform_product,train,C:\Users\GAME\Documents\GitHub\Waste\data\Non-Recyclable\Non-Recyclable\stroform_product\styrofoam-takeout-containers-food-1200x628-facebook.jpg
yard_waste_plants1.jpg,yard_trimmings,train,C:\Users\GAME\Documents\GitHub\Waste\data\Organic\Organic\yard_trimmings\yard_waste_plants1.jpg
How-To-Dispose-of-Yard-Waste-9.jpg,yard_trimmings,train,C:\Users\GAME\Documents\GitHub\Waste\data\Organic\Organic\yard_trimmings\How-To-Dispose-of-Yard-Waste-9.jpg
composting-grass-clippings.jpg,yard_trimmings,train,C:\Users\GAME\Documents\GitHub\Waste\data\Organic\Organic\yard_trimmings\composting-grass-clippings.jpg
1651988918799_a-gardener-collecting-garden-waste.jpg,yard_trimmings,train,C:\Users\GAME\Documents\GitHub\Waste\data\Organic\Organic\yard_trimmings\1651988918799_a-gardener-collecting-garden-waste.jpg
Ryan-and-Model-at-compost-b.jpg,yard_trimmings,train,C:\Users\GAME\Documents\GitHub\Waste\data\Organic\Organic\yard_trimmings\Ryan-and-Model-at-compost-b.jpg
yard_waste.jpg,yard_trimmings,train,C:\Users\GAME\Documents\GitHub\Waste\data\Organic\Organic\yard_trimmings\yard_waste.jpg
Yard-Waste-GettyImages-171242694.jpg,yard_trimmings,train,C:\Users\GAME\Documents\GitHub\Waste\data\Organic\Organic\yard_trimmings\Yard-Waste-GettyImages-171242694.jpg
yard-waste-TS_1.jpg,yard_trimmings,train,C:\Users\GAME\Documents\GitHub\Waste\data\Organic\Organic\yard_trimmings\yard-waste-TS_1.jpg
AdobeStock_316707406_adobespark-1024x623.jpeg,yard_trimmings,train,C:\Users\GAME\Documents\GitHub\Waste\data\Organic\Organic\yard_trimmings\AdobeStock_316707406_adobespark-1024x623.jpeg
garden-clearance-3.jpg,yard_trimmings,train,C:\Users\GAME\Documents\GitHub\Waste\data\Organic\Organic\yard_trimmings\garden-clearance-3.jpg
YardWasteHeaderImage.jpg,yard_trimmings,train,C:\Users\GAME\Documents\GitHub\Waste\data\Organic\Organic\yard_trimmings\YardWasteHeaderImage.jpg
leaves-branches-clippings-and-yard-waste-in-clear-bags-and-blue-barrels-BAJ6R7.jpg,yard_trimmings,train,C:\Users\GAME\Documents\GitHub\Waste\data\Organic\Organic\yard_trimmings\leaves-branches-clippings-and-yard-waste-in-clear-bags-and-blue-barrels-BAJ6R7.jpg
Yardwaste-Recycling-1024x683.jpg,yard_trimmings,train,C:\Users\GAME\Documents\GitHub\Waste\data\Organic\Organic\yard_trimmings\Yardwaste-Recycling-1024x683.jpg
STORM-DRAIN_WOMAN-SWEEPING.jpg,yard_trimmings,train,C:\Users\GAME\Documents\GitHub\Waste\data\Organic\Organic\yard_trimmings\STORM-DRAIN_WOMAN-SWEEPING.jpg
ut-medium-brush-and-yard-waste-660x396.jpg__660.0x396.0_q85_crop_subsampling-2_upscale.jpg,yard_trimmings,train,C:\Users\GAME\Documents\GitHub\Waste\data\Organic\Organic\yard_trimmings\ut-medium-brush-and-yard-waste-660x396.jpg__660.0x396.0_q85_crop_subsampling-2_upscale.jpg
image-asset.jpeg,yard_trimmings,train,C:\Users\GAME\Documents\GitHub\Waste\data\Organic\Organic\yard_trimmings\image-asset.jpeg
FUF5hW_XsAAriOa.jpg,yard_trimmings,train,C:\Users\GAME\Documents\GitHub\Waste\data\Organic\Organic\yard_trimmings\FUF5hW_XsAAriOa.jpg
yard-clippings-heaped-in-wheelbarrow-BJCHJC.jpg,yard_trimmings,train,C:\Users\GAME\Documents\GitHub\Waste\data\Organic\Organic\yard_trimmings\yard-clippings-heaped-in-wheelbarrow-BJCHJC.jpg
accectable-bags.webp,yard_trimmings,train,C:\Users\GAME\Documents\GitHub\Waste\data\Organic\Organic\yard_trimmings\accectable-bags.webp
rsz_shutterstock_1129173176.jpg,yard_trimmings,train,C:\Users\GAME\Documents\GitHub\Waste\data\Organic\Organic\yard_trimmings\rsz_shutterstock_1129173176.jpg
maxresdefault.jpg,yard_trimmings,train,C:\Users\GAME\Documents\GitHub\Waste\data\Organic\Organic\yard_trimmings\maxresdefault.jpg
reusing-garden-waste.jpg,yard_trimmings,train,C:\Users\GAME\Documents\GitHub\Waste\data\Organic\Organic\yard_trimmings\reusing-garden-waste.jpg
stock-photo-freshly-raked-backyard-with-rake-leaves-and-recycling-yard-waste-paper-bag-31652473.jpg,yard_trimmings,train,C:\Users\GAME\Documents\GitHub\Waste\data\Organic\Organic\yard_trimmings\stock-photo-freshly-raked-backyard-with-rake-leaves-and-recycling-yard-waste-paper-bag-31652473.jpg
depositphotos_24939463-stock-photo-garden-waste-recycling-ii.jpg,yard_trimmings,train,C:\Users\GAME\Documents\GitHub\Waste\data\Organic\Organic\yard_trimmings\depositphotos_24939463-stock-photo-garden-waste-recycling-ii.jpg
yard-waste-disposal-1-1-.png,yard_trimmings,train,C:\Users\GAME\Documents\GitHub\Waste\data\Organic\Organic\yard_trimmings\yard-waste-disposal-1-1-.png
Yard-waste-1024x532.png,yard_trimmings,train,C:\Users\GAME\Documents\GitHub\Waste\data\Organic\Organic\yard_trimmings\Yard-waste-1024x532.png
Yard_Waste_1.jpg,yard_trimmings,train,C:\Users\GAME\Documents\GitHub\Waste\data\Organic\Organic\yard_trimmings\Yard_Waste_1.jpg
81Qdib204pL._AC_UF8941000_QL80_.jpg,yard_trimmings,train,C:\Users\GAME\Documents\GitHub\Waste\data\Organic\Organic\yard_trimmings\81Qdib204pL._AC_UF8941000_QL80_.jpg
yard-waste-pick-up.jpg,yard_trimmings,train,C:\Users\GAME\Documents\GitHub\Waste\data\Organic\Organic\yard_trimmings\yard-waste-pick-up.jpg
Banner_YardWaste.jpg,yard_trimmings,train,C:\Users\GAME\Documents\GitHub\Waste\data\Organic\Organic\yard_trimmings\Banner_YardWaste.jpg
yard-waste-by-street-waiting-to-be-picked-up-FJ0XYB.jpg,yard_trimmings,train,C:\Users\GAME\Documents\GitHub\Waste\data\Organic\Organic\yard_trimmings\yard-waste-by-street-waiting-to-be-picked-up-FJ0XYB.jpg
bmw1dcc842511.jpg,yard_trimmings,train,C:\Users\GAME\Documents\GitHub\Waste\data\Organic\Organic\yard_trimmings\bmw1dcc842511.jpg
Composted-Mixed-Yard-Waste-Organic-Garden-Mulch.jpg,yard_trimmings,train,C:\Users\GAME\Documents\GitHub\Waste\data\Organic\Organic\yard_trimmings\Composted-Mixed-Yard-Waste-Organic-Garden-Mulch.jpg
LYWSmall.jpg,yard_trimmings,train,C:\Users\GAME\Documents\GitHub\Waste\data\Organic\Organic\yard_trimmings\LYWSmall.jpg
excessive-lawn-clippings.JPG.jpg,yard_trimmings,train,C:\Users\GAME\Documents\GitHub\Waste\data\Organic\Organic\yard_trimmings\excessive-lawn-clippings.JPG.jpg
ukecwlgg6urz.jpg,yard_trimmings,train,C:\Users\GAME\Documents\GitHub\Waste\data\Organic\Organic\yard_trimmings\ukecwlgg6urz.jpg
adding_leaves_to_compost_bin.jpg,yard_trimmings,train,C:\Users\GAME\Documents\GitHub\Waste\data\Organic\Organic\yard_trimmings\adding_leaves_to_compost_bin.jpg
Yard-Waste-101.jpg,yard_trimmings,train,C:\Users\GAME\Documents\GitHub\Waste\data\Organic\Organic\yard_trimmings\Yard-Waste-101.jpg
lawn-mower-grass-yard-trimmings---getty-images.jpg,yard_trimmings,train,C:\Users\GAME\Documents\GitHub\Waste\data\Organic\Organic\yard_trimmings\lawn-mower-grass-yard-trimmings---getty-images.jpg
in-gardens-and-squares-full-recirculation-of-mother-natures-products-2R1E55N.jpg,yard_trimmings,train,C:\Users\GAME\Documents\GitHub\Waste\data\Organic\Organic\yard_trimmings\in-gardens-and-squares-full-recirculation-of-mother-natures-products-2R1E55N.jpg
wn-and-leaf-bags-full-of-yard-waste-sit-on-street-curb-waiting-to-2214986939.jpg,yard_trimmings,train,C:\Users\GAME\Documents\GitHub\Waste\data\Organic\Organic\yard_trimmings\wn-and-leaf-bags-full-of-yard-waste-sit-on-street-curb-waiting-to-2214986939.jpg
yard-waste-540x5402.jpg,yard_trimmings,train,C:\Users\GAME\Documents\GitHub\Waste\data\Organic\Organic\yard_trimmings\yard-waste-540x5402.jpg
FI-58.jpg.webp,yard_trimmings,train,C:\Users\GAME\Documents\GitHub\Waste\data\Organic\Organic\yard_trimmings\FI-58.jpg.webp
IMG_4398.jpg,yard_trimmings,train,C:\Users\GAME\Documents\GitHub\Waste\data\Organic\Organic\yard_trimmings\IMG_4398.jpg
ypark_002.jpg,yard_trimmings,train,C:\Users\GAME\Documents\GitHub\Waste\data\Organic\Organic\yard_trimmings\ypark_002.jpg
82eaad00-a41b-4dd1-b948-b5b096341d04-012489.jpg,yard_trimmings,train,C:\Users\GAME\Documents\GitHub\Waste\data\Organic\Organic\yard_trimmings\82eaad00-a41b-4dd1-b948-b5b096341d04-012489.jpg
Grass-clippings.jpg,yard_trimmings,train,C:\Users\GAME\Documents\GitHub\Waste\data\Organic\Organic\yard_trimmings\Grass-clippings.jpg
r0_0_5600_3733_w5600_h3733_fmax.jpg,yard_trimmings,train,C:\Users\GAME\Documents\GitHub\Waste\data\Organic\Organic\yard_trimmings\r0_0_5600_3733_w5600_h3733_fmax.jpg
grass-clippings.jpg.webp,yard_trimmings,train,C:\Users\GAME\Documents\GitHub\Waste\data\Organic\Organic\yard_trimmings\grass-clippings.jpg.webp
Yard_Waste_Collection_begins_2022_1200x1200_0.jpg,yard_trimmings,train,C:\Users\GAME\Documents\GitHub\Waste\data\Organic\Organic\yard_trimmings\Yard_Waste_Collection_begins_2022_1200x1200_0.jpg
Dispose-of-Yard-Waste.jpg,yard_trimmings,train,C:\Users\GAME\Documents\GitHub\Waste\data\Organic\Organic\yard_trimmings\Dispose-of-Yard-Waste.jpg
raking-up-grass-cuttings-in-spring-during-yard-maintenance-with-a-GT8C20.jpg,yard_trimmings,train,C:\Users\GAME\Documents\GitHub\Waste\data\Organic\Organic\yard_trimmings\raking-up-grass-cuttings-in-spring-during-yard-maintenance-with-a-GT8C20.jpg
Grasscycling_545px5B35D.jpg,yard_trimmings,train,C:\Users\GAME\Documents\GitHub\Waste\data\Organic\Organic\yard_trimmings\Grasscycling_545px5B35D.jpg
dsc_0103.jpg,yard_trimmings,train,C:\Users\GAME\Documents\GitHub\Waste\data\Organic\Organic\yard_trimmings\dsc_0103.jpg
iStock-leaves-rack-fall-sized.jpg,yard_trimmings,train,C:\Users\GAME\Documents\GitHub\Waste\data\Organic\Organic\yard_trimmings\iStock-leaves-rack-fall-sized.jpg
adult-male-hand-holding-compost-consisting-household-waste-dry-leaves-grass-clippings-224470893.jpg,yard_trimmings,train,C:\Users\GAME\Documents\GitHub\Waste\data\Organic\Organic\yard_trimmings\adult-male-hand-holding-compost-consisting-household-waste-dry-leaves-grass-clippings-224470893.jpg
grass-clippings-as-mulch_featured.jpg,yard_trimmings,train,C:\Users\GAME\Documents\GitHub\Waste\data\Organic\Organic\yard_trimmings\grass-clippings-as-mulch_featured.jpg
Kraft-Paper-Lawn-and-Leaf-Bag-Collect-Leaves-and-Yard-Waste.webp,yard_trimmings,train,C:\Users\GAME\Documents\GitHub\Waste\data\Organic\Organic\yard_trimmings\Kraft-Paper-Lawn-and-Leaf-Bag-Collect-Leaves-and-Yard-Waste.webp
A1IUzTG2TJL._AC_UF8941000_QL80_.jpg,yard_trimmings,train,C:\Users\GAME\Documents\GitHub\Waste\data\Organic\Organic\yard_trimmings\A1IUzTG2TJL._AC_UF8941000_QL80_.jpg
curb-it-recycling-st-johns-newfoundland-yard-waste.jpg,yard_trimmings,train,C:\Users\GAME\Documents\GitHub\Waste\data\Organic\Organic\yard_trimmings\curb-it-recycling-st-johns-newfoundland-yard-waste.jpg
yard-waste-in-trash.jpg,yard_trimmings,train,C:\Users\GAME\Documents\GitHub\Waste\data\Organic\Organic\yard_trimmings\yard-waste-in-trash.jpg
depositphotos_29706517-stock-photo-garden-work.jpg,yard_trimmings,train,C:\Users\GAME\Documents\GitHub\Waste\data\Organic\Organic\yard_trimmings\depositphotos_29706517-stock-photo-garden-work.jpg
20a.jpg,yard_trimmings,train,C:\Users\GAME\Documents\GitHub\Waste\data\Organic\Organic\yard_trimmings\20a.jpg
composting-yard-waste.jpg,yard_trimmings,train,C:\Users\GAME\Documents\GitHub\Waste\data\Organic\Organic\yard_trimmings\composting-yard-waste.jpg
round-lidded-plastic-garbage-cans-awaiting-curbside-collection-on-2085653041.jpg,yard_trimmings,train,C:\Users\GAME\Documents\GitHub\Waste\data\Organic\Organic\yard_trimmings\round-lidded-plastic-garbage-cans-awaiting-curbside-collection-on-2085653041.jpg
yard-waste-set-out.jpg,yard_trimmings,train,C:\Users\GAME\Documents\GitHub\Waste\data\Organic\Organic\yard_trimmings\yard-waste-set-out.jpg
Dont-trash-natural-areas-2.png,yard_trimmings,train,C:\Users\GAME\Documents\GitHub\Waste\data\Organic\Organic\yard_trimmings\Dont-trash-natural-areas-2.png
Yard_and_garden_waste.JPG.jpg,yard_trimmings,train,C:\Users\GAME\Documents\GitHub\Waste\data\Organic\Organic\yard_trimmings\Yard_and_garden_waste.JPG.jpg
grass-mulch.jpg,yard_trimmings,train,C:\Users\GAME\Documents\GitHub\Waste\data\Organic\Organic\yard_trimmings\grass-mulch.jpg
Leaf-pile-2-e1509567633308.jpg,yard_trimmings,train,C:\Users\GAME\Documents\GitHub\Waste\data\Organic\Organic\yard_trimmings\Leaf-pile-2-e1509567633308.jpg
compost-yard-waste-featured.jpg,yard_trimmings,train,C:\Users\GAME\Documents\GitHub\Waste\data\Organic\Organic\yard_trimmings\compost-yard-waste-featured.jpg
lawn-clippings-.jpg,yard_trimmings,train,C:\Users\GAME\Documents\GitHub\Waste\data\Organic\Organic\yard_trimmings\lawn-clippings-.jpg
81N-ONuWifL._AC_UF10001000_QL80_.jpg,yard_trimmings,train,C:\Users\GAME\Documents\GitHub\Waste\data\Organic\Organic\yard_trimmings\81N-ONuWifL._AC_UF10001000_QL80_.jpg
depositphotos_66088493-stock-photo-garbage-bags-on-green-yard.jpg,yard_trimmings,train,C:\Users\GAME\Documents\GitHub\Waste\data\Organic\Organic\yard_trimmings\depositphotos_66088493-stock-photo-garbage-bags-on-green-yard.jpg
MMRecycleYardLeavesAsMulch900x450min.jpg,yard_trimmings,train,C:\Users\GAME\Documents\GitHub\Waste\data\Organic\Organic\yard_trimmings\MMRecycleYardLeavesAsMulch900x450min.jpg
rc_yard_waste_site.jpg,yard_trimmings,train,C:\Users\GAME\Documents\GitHub\Waste\data\Organic\Organic\yard_trimmings\rc_yard_waste_site.jpg
ed-manicured-shaped-pruning-flooring-woody-plant-landscape-architect-1135582.jpg,yard_trimmings,train,C:\Users\GAME\Documents\GitHub\Waste\data\Organic\Organic\yard_trimmings\ed-manicured-shaped-pruning-flooring-woody-plant-landscape-architect-1135582.jpg
sidential-lawns-gardens-grass-clippings-leaves-branches-silhouette-210345973.jpg,yard_trimmings,train,C:\Users\GAME\Documents\GitHub\Waste\data\Organic\Organic\yard_trimmings\sidential-lawns-gardens-grass-clippings-leaves-branches-silhouette-210345973.jpg
No20YW20in20Plastic20Postcard.png,yard_trimmings,train,C:\Users\GAME\Documents\GitHub\Waste\data\Organic\Organic\yard_trimmings\No20YW20in20Plastic20Postcard.png
5ef29252e080f.image.jpg,yard_trimmings,train,C:\Users\GAME\Documents\GitHub\Waste\data\Organic\Organic\yard_trimmings\5ef29252e080f.image.jpg
raking-feature.jpg,yard_trimmings,train,C:\Users\GAME\Documents\GitHub\Waste\data\Organic\Organic\yard_trimmings\raking-feature.jpg
garden-worker-trimming-trees-with-scissors-yard_732190-2409.jpg,yard_trimmings,train,C:\Users\GAME\Documents\GitHub\Waste\data\Organic\Organic\yard_trimmings\garden-worker-trimming-trees-with-scissors-yard_732190-2409.jpg
MMRecycleYardWattleFence900x450min.jpg,yard_trimmings,train,C:\Users\GAME\Documents\GitHub\Waste\data\Organic\Organic\yard_trimmings\MMRecycleYardWattleFence900x450min.jpg
how-to-use-grass-clippings.jpg,yard_trimmings,train,C:\Users\GAME\Documents\GitHub\Waste\data\Organic\Organic\yard_trimmings\how-to-use-grass-clippings.jpg
bag-of-leaves.jpg,yard_trimmings,train,C:\Users\GAME\Documents\GitHub\Waste\data\Organic\Organic\yard_trimmings\bag-of-leaves.jpg
yard-waste-paper-bag-AdobeStock_14631106-600x400.jpg,yard_trimmings,train,C:\Users\GAME\Documents\GitHub\Waste\data\Organic\Organic\yard_trimmings\yard-waste-paper-bag-AdobeStock_14631106-600x400.jpg
grass-clippings_0.jpg,yard_trimmings,train,C:\Users\GAME\Documents\GitHub\Waste\data\Organic\Organic\yard_trimmings\grass-clippings_0.jpg
21234793-standard.jpg,yard_trimmings,train,C:\Users\GAME\Documents\GitHub\Waste\data\Organic\Organic\yard_trimmings\21234793-standard.jpg
yard-waste-header.png,yard_trimmings,train,C:\Users\GAME\Documents\GitHub\Waste\data\Organic\Organic\yard_trimmings\yard-waste-header.png
Urban-plants-yard-waste.jpg,yard_trimmings,train,C:\Users\GAME\Documents\GitHub\Waste\data\Organic\Organic\yard_trimmings\Urban-plants-yard-waste.jpg
maxresdefault2.jpg,yard_trimmings,train,C:\Users\GAME\Documents\GitHub\Waste\data\Organic\Organic\yard_trimmings\maxresdefault2.jpg
stock-photo-row-of-recycling-yard-waste-paper-bags-121844143.jpg,yard_trimmings,train,C:\Users\GAME\Documents\GitHub\Waste\data\Organic\Organic\yard_trimmings\stock-photo-row-of-recycling-yard-waste-paper-bags-121844143.jpg
